user_id,event_date,region,platform,acquisition_source,test_variant,sessions,avg_session_minutes,levels_completed,purchase_flag,revenue_usd
1,2026-02-08,NA,PC,Referral,B,1,44.7,1,0,0.0
2,2026-01-02,EU,PC,Ads,A,2,17.9,2,0,0.0
2,2026-01-03,EU,PC,Ads,A,2,16.5,0,0,0.0
3,2026-01-14,NA,Console,Cross-Promo,B,2,25.7,3,0,0.0
4,2026-01-29,NA,Console,Influencer,B,1,32.7,2,0,0.0
9,2026-02-09,APAC,PC,Ads,A,4,26.5,2,0,0.0
10,2026-02-06,LATAM,Mobile,Referral,A,1,35.4,5,0,0.0
12,2026-01-13,NA,PC,Influencer,B,1,34.5,4,0,0.0
13,2026-01-12,NA,Mobile,Referral,A,2,18.1,2,0,0.0
13,2026-01-13,NA,Mobile,Referral,A,3,27.9,3,0,0.0
13,2026-01-14,NA,Mobile,Referral,A,1,37.2,2,0,0.0
13,2026-01-15,NA,Mobile,Referral,A,3,15.8,1,0,0.0
14,2026-01-26,APAC,PC,Influencer,B,5,39.2,8,0,0.0
15,2026-01-18,NA,Mobile,Organic,A,2,41.3,5,0,0.0
16,2026-01-08,APAC,Console,Cross-Promo,B,2,21.4,0,0,0.0
16,2026-01-09,APAC,Console,Cross-Promo,B,4,29.8,6,0,0.0
17,2026-01-31,APAC,Console,Ads,B,2,44.9,2,0,0.0
19,2026-01-16,APAC,PC,Ads,A,2,23.9,4,0,0.0
20,2026-01-05,NA,Mobile,Referral,A,2,14.9,2,1,0.86
21,2026-02-03,LATAM,Console,Referral,A,4,16.2,1,0,0.0
22,2026-01-30,EU,Mobile,Referral,B,1,18.1,4,0,0.0
26,2026-01-10,LATAM,Mobile,Cross-Promo,A,1,12.6,3,0,0.0
26,2026-01-11,LATAM,Mobile,Cross-Promo,A,3,32.5,3,0,0.0
26,2026-01-12,LATAM,Mobile,Cross-Promo,A,3,35.6,2,0,0.0
29,2026-01-19,APAC,Mobile,Referral,A,2,46.1,6,0,0.0
30,2026-01-27,NA,PC,Cross-Promo,B,6,23.8,4,0,0.0
35,2026-01-18,APAC,Console,Cross-Promo,A,6,19.2,1,0,0.0
35,2026-01-19,APAC,Console,Cross-Promo,A,1,14.7,1,0,0.0
35,2026-01-20,APAC,Console,Cross-Promo,A,2,44.8,1,0,0.0
38,2026-01-13,LATAM,PC,Organic,A,1,30.2,6,0,0.0
41,2026-02-03,LATAM,Mobile,Cross-Promo,A,2,32.1,4,0,0.0
43,2026-02-07,NA,Console,Organic,A,5,12.8,2,0,0.0
43,2026-02-08,NA,Console,Organic,A,3,20.5,4,0,0.0
43,2026-02-09,NA,Console,Organic,A,1,44.8,2,0,0.0
43,2026-02-10,NA,Console,Organic,A,1,47.6,1,0,0.0
43,2026-02-11,NA,Console,Organic,A,1,29.8,3,0,0.0
45,2026-01-18,NA,Mobile,Influencer,A,1,21.5,2,0,0.0
46,2026-01-18,EU,Mobile,Organic,A,1,33.4,3,0,0.0
46,2026-01-19,EU,Mobile,Organic,A,1,33.6,1,0,0.0
46,2026-01-20,EU,Mobile,Organic,A,1,19.7,4,0,0.0
47,2026-01-08,APAC,Console,Ads,A,3,46.5,1,0,0.0
48,2026-01-13,NA,Console,Referral,B,3,27.2,4,0,0.0
51,2026-01-29,NA,Console,Referral,A,3,23.7,4,0,0.0
58,2026-01-15,EU,Mobile,Cross-Promo,B,5,20.4,5,0,0.0
58,2026-01-16,EU,Mobile,Cross-Promo,B,1,48.8,3,0,0.0
60,2026-01-01,EU,Console,Referral,A,1,33.2,2,0,0.0
62,2026-01-24,LATAM,Console,Influencer,B,3,40.1,3,0,0.0
62,2026-01-25,LATAM,Console,Influencer,B,3,14.9,3,0,0.0
63,2026-01-02,NA,PC,Ads,B,1,30.8,7,0,0.0
63,2026-01-03,NA,PC,Ads,B,3,34.4,9,0,0.0
64,2026-02-02,NA,Mobile,Organic,A,4,21.0,3,0,0.0
66,2026-01-24,NA,PC,Organic,A,4,31.3,2,0,0.0
68,2026-02-07,APAC,PC,Cross-Promo,A,1,27.8,2,0,0.0
69,2026-01-21,EU,Mobile,Influencer,A,2,13.7,2,0,0.0
69,2026-01-22,EU,Mobile,Influencer,A,5,22.2,3,0,0.0
69,2026-01-23,EU,Mobile,Influencer,A,3,35.1,3,0,0.0
69,2026-01-24,EU,Mobile,Influencer,A,3,29.8,6,0,0.0
69,2026-01-25,EU,Mobile,Influencer,A,2,32.3,3,0,0.0
69,2026-01-26,EU,Mobile,Influencer,A,6,13.9,1,0,0.0
69,2026-01-27,EU,Mobile,Influencer,A,1,32.1,4,0,0.0
73,2026-01-01,NA,Console,Influencer,A,1,18.8,0,0,0.0
74,2026-01-12,APAC,Mobile,Influencer,B,7,42.4,2,1,5.73
76,2026-02-04,NA,PC,Influencer,B,2,27.2,1,0,0.0
77,2026-01-25,APAC,PC,Ads,B,3,31.5,4,0,0.0
80,2026-02-02,EU,Mobile,Influencer,A,2,18.7,4,0,0.0
80,2026-02-03,EU,Mobile,Influencer,A,1,43.7,1,0,0.0
81,2026-01-27,EU,PC,Influencer,B,3,33.5,4,0,0.0
82,2026-01-04,NA,PC,Cross-Promo,A,1,21.0,4,0,0.0
84,2026-01-17,EU,Mobile,Influencer,A,3,29.1,2,0,0.0
84,2026-01-18,EU,Mobile,Influencer,A,2,22.3,4,0,0.0
85,2026-01-07,LATAM,PC,Influencer,B,4,34.7,2,1,3.9
85,2026-01-08,LATAM,PC,Influencer,B,1,24.5,1,0,0.0
87,2026-01-17,NA,Mobile,Referral,A,1,39.8,1,0,0.0
89,2026-01-15,LATAM,PC,Ads,A,2,46.1,5,0,0.0
90,2026-01-22,APAC,PC,Organic,A,1,30.0,1,0,0.0
92,2026-01-22,NA,PC,Cross-Promo,A,1,27.9,2,0,0.0
93,2026-01-28,LATAM,Console,Cross-Promo,A,4,11.7,3,0,0.0
94,2026-02-04,EU,PC,Cross-Promo,B,2,43.8,1,0,0.0
96,2026-01-02,NA,Console,Ads,B,1,46.4,3,0,0.0
100,2026-01-09,LATAM,Console,Cross-Promo,B,1,29.1,1,0,0.0
102,2026-01-23,APAC,PC,Referral,B,2,33.8,3,0,0.0
105,2026-01-19,NA,Mobile,Cross-Promo,B,2,49.2,3,0,0.0
107,2026-01-23,EU,Console,Referral,A,2,17.7,3,0,0.0
109,2026-01-06,EU,Mobile,Referral,B,4,32.7,3,0,0.0
109,2026-01-07,EU,Mobile,Referral,B,2,46.3,6,0,0.0
110,2026-01-30,EU,Mobile,Cross-Promo,A,2,12.1,4,0,0.0
112,2026-01-08,NA,Console,Cross-Promo,B,5,28.6,1,0,0.0
112,2026-01-09,NA,Console,Cross-Promo,B,2,24.0,3,0,0.0
112,2026-01-10,NA,Console,Cross-Promo,B,3,41.4,4,0,0.0
115,2026-01-08,NA,Console,Cross-Promo,B,6,34.7,4,0,0.0
119,2026-02-01,LATAM,Mobile,Organic,A,1,37.6,1,0,0.0
119,2026-02-02,LATAM,Mobile,Organic,A,4,33.1,4,0,0.0
124,2026-01-13,LATAM,Console,Organic,A,2,27.3,2,0,0.0
126,2026-01-23,NA,Mobile,Cross-Promo,A,1,42.9,3,0,0.0
129,2026-02-07,NA,Mobile,Ads,A,3,37.9,1,0,0.0
129,2026-02-08,NA,Mobile,Ads,A,1,27.8,2,0,0.0
130,2026-01-21,EU,Console,Organic,A,2,23.6,1,0,0.0
133,2026-01-01,EU,Mobile,Organic,B,4,29.3,4,0,0.0
134,2026-01-23,EU,Console,Referral,B,1,26.5,0,0,0.0
136,2026-02-01,APAC,PC,Organic,A,3,25.9,4,0,0.0
136,2026-02-02,APAC,PC,Organic,A,4,19.7,2,0,0.0
136,2026-02-03,APAC,PC,Organic,A,3,35.5,2,0,0.0
138,2026-01-25,EU,PC,Influencer,B,2,31.3,5,0,0.0
146,2026-02-04,APAC,PC,Organic,A,3,16.2,2,0,0.0
146,2026-02-05,APAC,PC,Organic,A,2,43.6,4,0,0.0
148,2026-01-11,LATAM,Console,Cross-Promo,B,4,20.2,4,0,0.0
153,2026-01-25,NA,Console,Referral,B,1,34.6,2,0,0.0
158,2026-01-14,EU,Mobile,Influencer,B,2,35.7,2,0,0.0
158,2026-01-15,EU,Mobile,Influencer,B,3,28.0,2,0,0.0
158,2026-01-16,EU,Mobile,Influencer,B,4,48.7,1,0,0.0
161,2026-02-09,NA,Mobile,Referral,B,2,36.1,1,0,0.0
161,2026-02-10,NA,Mobile,Referral,B,5,62.9,4,0,0.0
163,2026-01-03,APAC,Mobile,Influencer,B,3,32.8,4,0,0.0
163,2026-01-04,APAC,Mobile,Influencer,B,5,34.0,2,0,0.0
165,2026-01-06,LATAM,Console,Ads,B,3,26.0,3,0,0.0
165,2026-01-07,LATAM,Console,Ads,B,3,15.8,4,0,0.0
165,2026-01-08,LATAM,Console,Ads,B,1,33.8,2,0,0.0
168,2026-01-18,APAC,PC,Ads,B,1,16.7,3,0,0.0
169,2026-01-03,EU,PC,Organic,B,4,34.7,1,1,24.05
169,2026-01-04,EU,PC,Organic,B,2,14.8,5,1,12.63
170,2026-01-21,EU,Mobile,Cross-Promo,B,2,42.6,5,0,0.0
174,2026-02-03,EU,Console,Organic,A,2,29.1,3,0,0.0
175,2026-01-14,NA,Mobile,Ads,B,1,16.4,1,1,15.73
180,2026-01-28,APAC,Mobile,Cross-Promo,B,1,32.5,2,0,0.0
181,2026-02-05,LATAM,Console,Influencer,A,1,23.1,4,0,0.0
182,2026-01-20,EU,Console,Influencer,B,6,39.0,4,0,0.0
183,2026-02-05,LATAM,Mobile,Ads,B,5,24.3,5,0,0.0
184,2026-01-01,APAC,Console,Influencer,B,1,43.7,1,0,0.0
185,2026-01-12,EU,Mobile,Influencer,B,2,32.0,2,0,0.0
186,2026-02-06,NA,Console,Referral,B,2,8.1,2,0,0.0
186,2026-02-07,NA,Console,Referral,B,2,12.9,3,0,0.0
187,2026-01-01,EU,Mobile,Referral,B,5,50.6,2,0,0.0
187,2026-01-02,EU,Mobile,Referral,B,4,27.4,4,0,0.0
190,2026-01-17,LATAM,Console,Ads,B,4,42.7,1,0,0.0
190,2026-01-18,LATAM,Console,Ads,B,3,50.6,3,0,0.0
193,2026-01-09,LATAM,Mobile,Organic,B,1,33.1,2,0,0.0
195,2026-01-02,NA,Console,Influencer,A,1,37.4,2,0,0.0
195,2026-01-03,NA,Console,Influencer,A,1,26.1,4,0,0.0
195,2026-01-04,NA,Console,Influencer,A,2,38.0,4,0,0.0
197,2026-02-03,APAC,Mobile,Influencer,B,5,28.9,2,0,0.0
199,2026-01-13,APAC,Mobile,Influencer,A,1,32.6,4,0,0.0
199,2026-01-14,APAC,Mobile,Influencer,A,1,30.0,3,0,0.0
199,2026-01-15,APAC,Mobile,Influencer,A,2,18.3,2,0,0.0
199,2026-01-16,APAC,Mobile,Influencer,A,4,14.7,2,0,0.0
200,2026-01-01,NA,Mobile,Referral,B,1,31.4,2,0,0.0
200,2026-01-02,NA,Mobile,Referral,B,1,28.7,4,0,0.0
201,2026-01-26,LATAM,Console,Ads,B,2,38.2,3,1,14.76
201,2026-01-27,LATAM,Console,Ads,B,1,40.9,2,0,0.0
203,2026-01-13,NA,Mobile,Cross-Promo,B,6,18.4,1,0,0.0
205,2026-01-01,EU,Mobile,Ads,A,3,19.6,2,0,0.0
205,2026-01-02,EU,Mobile,Ads,A,1,36.4,3,0,0.0
207,2026-01-16,APAC,PC,Influencer,B,3,22.8,7,0,0.0
207,2026-01-17,APAC,PC,Influencer,B,7,44.7,0,0,0.0
207,2026-01-18,APAC,PC,Influencer,B,3,39.8,0,0,0.0
207,2026-01-19,APAC,PC,Influencer,B,5,30.2,4,0,0.0
208,2026-01-01,APAC,Mobile,Influencer,A,1,18.5,0,0,0.0
209,2026-01-05,APAC,Mobile,Referral,B,2,39.8,6,0,0.0
209,2026-01-06,APAC,Mobile,Referral,B,1,17.2,3,0,0.0
209,2026-01-07,APAC,Mobile,Referral,B,5,29.3,3,0,0.0
210,2026-02-09,NA,Mobile,Organic,A,3,20.5,3,0,0.0
210,2026-02-10,NA,Mobile,Organic,A,5,33.8,2,0,0.0
211,2026-01-09,NA,Mobile,Ads,A,3,42.6,3,0,0.0
211,2026-01-10,NA,Mobile,Ads,A,1,25.3,2,1,8.85
216,2026-02-02,NA,Console,Ads,B,4,21.0,2,0,0.0
217,2026-01-22,LATAM,Console,Referral,B,4,27.3,2,0,0.0
218,2026-02-02,APAC,PC,Cross-Promo,A,1,34.0,2,0,0.0
219,2026-01-07,NA,PC,Referral,B,1,21.4,2,0,0.0
219,2026-01-08,NA,PC,Referral,B,2,39.9,2,0,0.0
221,2026-01-24,APAC,Console,Influencer,B,2,32.8,4,0,0.0
223,2026-01-29,NA,Console,Ads,A,1,18.2,3,0,0.0
226,2026-01-25,APAC,Console,Influencer,A,1,45.5,3,0,0.0
227,2026-02-01,APAC,PC,Cross-Promo,B,3,12.2,3,0,0.0
228,2026-01-03,APAC,PC,Influencer,B,4,48.1,5,0,0.0
228,2026-01-04,APAC,PC,Influencer,B,2,48.2,3,0,0.0
230,2026-02-07,APAC,Console,Influencer,B,4,28.2,1,0,0.0
232,2026-02-01,APAC,Console,Cross-Promo,B,1,45.5,2,0,0.0
233,2026-01-12,LATAM,Mobile,Influencer,B,2,36.6,1,0,0.0
233,2026-01-13,LATAM,Mobile,Influencer,B,3,23.9,1,0,0.0
235,2026-01-24,NA,Mobile,Influencer,B,4,8.0,3,0,0.0
235,2026-01-25,NA,Mobile,Influencer,B,1,21.0,3,0,0.0
235,2026-01-26,NA,Mobile,Influencer,B,1,57.2,3,0,0.0
236,2026-01-01,EU,Mobile,Cross-Promo,A,3,25.3,1,0,0.0
236,2026-01-02,EU,Mobile,Cross-Promo,A,1,21.3,5,0,0.0
236,2026-01-03,EU,Mobile,Cross-Promo,A,4,22.3,0,0,0.0
238,2026-01-15,LATAM,Mobile,Ads,A,3,8.0,2,0,0.0
238,2026-01-16,LATAM,Mobile,Ads,A,2,11.9,4,0,0.0
240,2026-01-10,APAC,Mobile,Referral,B,4,26.2,3,0,0.0
240,2026-01-11,APAC,Mobile,Referral,B,4,21.5,2,0,0.0
241,2026-01-12,APAC,Console,Organic,A,6,25.4,4,0,0.0
243,2026-02-01,LATAM,Mobile,Cross-Promo,B,5,19.2,1,1,2.96
244,2026-02-04,EU,Console,Influencer,B,1,44.5,2,0,0.0
246,2026-01-12,NA,Mobile,Ads,A,6,30.0,0,0,0.0
247,2026-01-10,LATAM,Console,Ads,B,1,43.8,3,0,0.0
248,2026-02-07,APAC,Console,Cross-Promo,B,2,32.5,2,1,12.88
249,2026-01-16,APAC,Mobile,Cross-Promo,B,5,25.0,5,0,0.0
249,2026-01-17,APAC,Mobile,Cross-Promo,B,3,45.3,2,1,9.1
250,2026-02-06,APAC,Mobile,Cross-Promo,B,2,20.9,1,0,0.0
251,2026-02-01,APAC,Mobile,Influencer,B,2,33.9,3,0,0.0
251,2026-02-02,APAC,Mobile,Influencer,B,1,41.1,4,0,0.0
253,2026-01-15,EU,PC,Ads,A,3,8.0,4,0,0.0
257,2026-01-08,APAC,PC,Ads,A,1,17.0,2,0,0.0
257,2026-01-09,APAC,PC,Ads,A,2,32.5,0,0,0.0
257,2026-01-10,APAC,PC,Ads,A,2,32.7,2,1,9.36
259,2026-01-23,EU,Mobile,Organic,A,4,8.0,5,1,4.96
260,2026-01-09,EU,Mobile,Organic,A,5,20.2,4,0,0.0
261,2026-02-09,NA,Console,Referral,A,5,36.6,2,0,0.0
267,2026-01-24,NA,PC,Influencer,A,1,31.2,2,0,0.0
267,2026-01-25,NA,PC,Influencer,A,4,18.5,5,0,0.0
267,2026-01-26,NA,PC,Influencer,A,1,40.2,1,0,0.0
267,2026-01-27,NA,PC,Influencer,A,2,15.9,1,0,0.0
267,2026-01-28,NA,PC,Influencer,A,7,32.7,1,0,0.0
267,2026-01-29,NA,PC,Influencer,A,2,43.2,0,0,0.0
268,2026-01-12,LATAM,PC,Cross-Promo,B,2,46.9,2,0,0.0
268,2026-01-13,LATAM,PC,Cross-Promo,B,2,26.3,3,0,0.0
268,2026-01-14,LATAM,PC,Cross-Promo,B,2,35.2,3,0,0.0
269,2026-01-31,NA,PC,Ads,A,3,8.0,3,0,0.0
269,2026-02-01,NA,PC,Ads,A,1,34.1,1,0,0.0
272,2026-01-14,EU,Console,Influencer,A,2,10.5,2,0,0.0
272,2026-01-15,EU,Console,Influencer,A,2,23.0,1,0,0.0
275,2026-01-09,NA,Console,Organic,A,1,43.1,4,0,0.0
275,2026-01-10,NA,Console,Organic,A,1,44.5,1,0,0.0
275,2026-01-11,NA,Console,Organic,A,2,8.0,1,0,0.0
276,2026-01-14,EU,Console,Ads,B,1,25.3,1,0,0.0
276,2026-01-15,EU,Console,Ads,B,1,33.7,0,0,0.0
276,2026-01-16,EU,Console,Ads,B,5,17.1,3,1,32.31
276,2026-01-17,EU,Console,Ads,B,2,19.4,2,1,5.84
276,2026-01-18,EU,Console,Ads,B,5,39.6,3,0,0.0
277,2026-02-05,APAC,Console,Organic,A,4,15.4,1,0,0.0
278,2026-01-15,EU,PC,Ads,B,3,42.8,2,0,0.0
279,2026-01-19,NA,PC,Organic,B,4,30.4,1,1,5.49
279,2026-01-20,NA,PC,Organic,B,2,32.6,4,0,0.0
279,2026-01-21,NA,PC,Organic,B,3,30.4,1,0,0.0
279,2026-01-22,NA,PC,Organic,B,1,18.7,7,0,0.0
280,2026-02-06,LATAM,Mobile,Cross-Promo,B,1,33.0,3,0,0.0
280,2026-02-07,LATAM,Mobile,Cross-Promo,B,7,37.5,2,0,0.0
280,2026-02-08,LATAM,Mobile,Cross-Promo,B,3,33.3,1,0,0.0
281,2026-01-15,LATAM,Mobile,Organic,B,1,12.0,8,0,0.0
283,2026-02-04,LATAM,PC,Ads,B,2,33.7,4,0,0.0
283,2026-02-05,LATAM,PC,Ads,B,3,37.8,4,0,0.0
284,2026-01-26,APAC,Console,Cross-Promo,A,1,51.2,1,0,0.0
285,2026-02-07,EU,Mobile,Organic,B,2,31.4,2,0,0.0
286,2026-01-12,EU,Console,Ads,B,1,28.6,4,0,0.0
288,2026-01-26,NA,PC,Referral,B,3,23.8,1,0,0.0
288,2026-01-27,NA,PC,Referral,B,3,53.2,1,0,0.0
289,2026-02-02,APAC,Mobile,Organic,A,2,49.7,4,1,16.76
289,2026-02-03,APAC,Mobile,Organic,A,1,36.0,2,0,0.0
291,2026-02-05,LATAM,Mobile,Cross-Promo,B,4,22.9,3,0,0.0
291,2026-02-06,LATAM,Mobile,Cross-Promo,B,2,27.0,3,0,0.0
291,2026-02-07,LATAM,Mobile,Cross-Promo,B,6,43.1,4,0,0.0
292,2026-01-22,LATAM,Mobile,Organic,A,1,43.9,1,0,0.0
292,2026-01-23,LATAM,Mobile,Organic,A,2,15.4,2,0,0.0
293,2026-01-14,NA,Mobile,Referral,B,1,32.8,1,0,0.0
294,2026-01-08,APAC,PC,Organic,A,1,11.6,4,0,0.0
295,2026-01-14,EU,Console,Cross-Promo,A,1,39.5,3,0,0.0
295,2026-01-15,EU,Console,Cross-Promo,A,3,15.1,0,0,0.0
295,2026-01-16,EU,Console,Cross-Promo,A,1,39.2,4,0,0.0
297,2026-01-28,NA,PC,Influencer,B,1,34.1,4,0,0.0
298,2026-01-08,LATAM,Mobile,Ads,A,2,16.3,2,0,0.0
299,2026-02-09,LATAM,Console,Influencer,A,3,28.6,1,0,0.0
301,2026-01-11,LATAM,Mobile,Referral,B,1,39.5,3,1,27.8
302,2026-01-19,NA,PC,Referral,B,2,36.2,3,1,4.66
304,2026-01-15,APAC,Console,Influencer,A,3,17.7,3,0,0.0
306,2026-01-13,APAC,Mobile,Referral,A,5,25.6,3,0,0.0
306,2026-01-14,APAC,Mobile,Referral,A,4,26.5,1,0,0.0
306,2026-01-15,APAC,Mobile,Referral,A,5,44.6,2,0,0.0
308,2026-01-13,NA,Console,Cross-Promo,B,2,28.6,2,0,0.0
308,2026-01-14,NA,Console,Cross-Promo,B,4,29.7,4,0,0.0
308,2026-01-15,NA,Console,Cross-Promo,B,3,44.3,4,0,0.0
309,2026-02-01,LATAM,Mobile,Organic,B,3,23.2,3,0,0.0
311,2026-01-13,LATAM,Console,Influencer,B,2,31.2,3,1,15.38
311,2026-01-14,LATAM,Console,Influencer,B,3,48.5,2,0,0.0
312,2026-02-08,NA,PC,Referral,B,4,38.0,6,0,0.0
312,2026-02-09,NA,PC,Referral,B,1,39.7,3,0,0.0
313,2026-01-24,EU,Mobile,Influencer,A,4,38.9,6,0,0.0
313,2026-01-25,EU,Mobile,Influencer,A,1,22.4,2,0,0.0
313,2026-01-26,EU,Mobile,Influencer,A,1,20.1,2,0,0.0
315,2026-01-30,EU,Console,Ads,A,1,16.3,1,1,8.6
316,2026-01-27,APAC,Console,Organic,B,2,8.0,0,0,0.0
316,2026-01-28,APAC,Console,Organic,B,6,33.4,5,0,0.0
317,2026-01-19,LATAM,PC,Ads,A,2,26.8,1,0,0.0
317,2026-01-20,LATAM,PC,Ads,A,2,22.3,5,0,0.0
317,2026-01-21,LATAM,PC,Ads,A,1,13.8,2,0,0.0
320,2026-01-13,APAC,Mobile,Influencer,A,2,14.0,1,0,0.0
320,2026-01-14,APAC,Mobile,Influencer,A,1,17.4,2,0,0.0
320,2026-01-15,APAC,Mobile,Influencer,A,4,23.3,3,0,0.0
321,2026-01-20,LATAM,PC,Influencer,B,2,27.5,3,0,0.0
321,2026-01-21,LATAM,PC,Influencer,B,6,35.8,2,0,0.0
321,2026-01-22,LATAM,PC,Influencer,B,3,30.6,3,0,0.0
321,2026-01-23,LATAM,PC,Influencer,B,1,30.8,3,0,0.0
322,2026-01-26,EU,Mobile,Ads,B,1,17.2,1,0,0.0
323,2026-01-03,EU,PC,Referral,A,3,38.9,2,0,0.0
327,2026-01-08,LATAM,PC,Influencer,A,4,36.8,0,0,0.0
331,2026-01-12,LATAM,PC,Influencer,A,2,8.0,3,0,0.0
334,2026-01-24,LATAM,PC,Ads,A,1,12.7,4,0,0.0
335,2026-02-01,APAC,PC,Influencer,B,4,44.2,1,0,0.0
336,2026-01-24,NA,Console,Influencer,B,5,43.0,2,0,0.0
336,2026-01-25,NA,Console,Influencer,B,1,18.6,1,0,0.0
338,2026-02-06,LATAM,Console,Ads,A,1,35.7,1,0,0.0
339,2026-01-15,NA,Mobile,Referral,A,2,39.3,2,0,0.0
340,2026-02-09,APAC,Console,Influencer,A,4,12.9,0,0,0.0
340,2026-02-10,APAC,Console,Influencer,A,2,21.7,1,0,0.0
341,2026-01-07,NA,Mobile,Cross-Promo,B,2,39.1,6,0,0.0
342,2026-01-04,LATAM,Mobile,Influencer,A,2,19.2,1,0,0.0
343,2026-02-08,NA,Console,Organic,A,2,11.8,3,0,0.0
344,2026-01-13,EU,Console,Referral,B,3,30.4,1,0,0.0
346,2026-02-06,LATAM,PC,Organic,B,1,29.5,1,0,0.0
347,2026-01-05,LATAM,PC,Referral,A,1,26.5,2,0,0.0
347,2026-01-06,LATAM,PC,Referral,A,1,34.5,0,0,0.0
347,2026-01-07,LATAM,PC,Referral,A,2,26.7,4,0,0.0
348,2026-01-28,NA,PC,Referral,B,3,14.5,3,0,0.0
348,2026-01-29,NA,PC,Referral,B,1,14.0,1,0,0.0
350,2026-01-19,APAC,Mobile,Ads,B,2,27.6,5,0,0.0
352,2026-01-24,EU,PC,Ads,A,1,22.0,2,0,0.0
353,2026-01-27,NA,Console,Influencer,A,2,8.0,3,0,0.0
354,2026-01-31,EU,Mobile,Cross-Promo,B,4,22.1,4,0,0.0
355,2026-02-07,EU,PC,Influencer,A,1,28.8,0,0,0.0
358,2026-02-03,EU,PC,Influencer,B,2,43.1,2,0,0.0
360,2026-01-09,LATAM,Console,Referral,A,4,16.6,5,0,0.0
360,2026-01-10,LATAM,Console,Referral,A,1,10.8,4,0,0.0
361,2026-01-20,LATAM,Mobile,Ads,B,2,21.8,1,0,0.0
362,2026-01-26,LATAM,Mobile,Organic,B,1,41.3,2,0,0.0
362,2026-01-27,LATAM,Mobile,Organic,B,1,31.5,3,0,0.0
362,2026-01-28,LATAM,Mobile,Organic,B,5,37.8,0,0,0.0
362,2026-01-29,LATAM,Mobile,Organic,B,1,23.0,3,0,0.0
362,2026-01-30,LATAM,Mobile,Organic,B,1,41.5,3,0,0.0
362,2026-01-31,LATAM,Mobile,Organic,B,4,24.8,3,0,0.0
363,2026-02-02,EU,Mobile,Cross-Promo,B,2,33.7,4,0,0.0
366,2026-01-12,APAC,PC,Cross-Promo,A,6,26.3,1,1,5.09
367,2026-01-27,NA,Console,Influencer,B,4,36.5,0,0,0.0
367,2026-01-28,NA,Console,Influencer,B,2,35.8,1,0,0.0
367,2026-01-29,NA,Console,Influencer,B,2,32.0,3,0,0.0
369,2026-01-08,APAC,PC,Ads,B,2,19.4,3,0,0.0
371,2026-02-08,NA,Console,Organic,B,4,27.6,1,0,0.0
371,2026-02-09,NA,Console,Organic,B,4,23.4,3,0,0.0
371,2026-02-10,NA,Console,Organic,B,3,43.5,3,0,0.0
371,2026-02-11,NA,Console,Organic,B,3,49.0,1,0,0.0
372,2026-01-24,APAC,Mobile,Organic,B,3,18.4,0,0,0.0
373,2026-01-14,APAC,Console,Ads,A,2,19.0,4,1,3.99
374,2026-01-05,NA,Mobile,Referral,B,1,35.1,4,0,0.0
375,2026-02-08,LATAM,PC,Ads,A,1,11.9,4,0,0.0
378,2026-01-26,LATAM,Mobile,Referral,A,3,24.6,0,0,0.0
380,2026-01-10,EU,PC,Influencer,B,4,17.2,5,0,0.0
380,2026-01-11,EU,PC,Influencer,B,1,28.5,2,0,0.0
386,2026-01-26,LATAM,PC,Cross-Promo,B,1,28.1,4,0,0.0
387,2026-02-07,APAC,Console,Ads,A,1,42.7,6,0,0.0
387,2026-02-08,APAC,Console,Ads,A,1,35.6,4,0,0.0
390,2026-02-06,NA,PC,Organic,A,2,20.0,2,0,0.0
392,2026-01-14,NA,PC,Ads,B,3,31.6,0,1,2.64
395,2026-02-04,LATAM,Console,Ads,B,3,30.5,0,0,0.0
397,2026-01-02,LATAM,Console,Influencer,B,3,25.6,4,0,0.0
397,2026-01-03,LATAM,Console,Influencer,B,5,32.7,1,0,0.0
397,2026-01-04,LATAM,Console,Influencer,B,1,32.8,0,0,0.0
399,2026-01-24,EU,Mobile,Influencer,B,1,26.9,1,0,0.0
400,2026-02-02,EU,Mobile,Organic,B,3,31.2,4,0,0.0
402,2026-01-24,NA,Mobile,Referral,B,1,18.4,3,0,0.0
402,2026-01-25,NA,Mobile,Referral,B,3,34.8,1,0,0.0
403,2026-01-06,EU,PC,Influencer,B,4,25.0,2,0,0.0
403,2026-01-07,EU,PC,Influencer,B,3,8.0,0,0,0.0
404,2026-01-30,NA,Console,Ads,A,1,42.9,3,1,6.4
405,2026-01-23,NA,PC,Referral,B,3,36.2,3,0,0.0
406,2026-01-15,EU,PC,Cross-Promo,A,1,19.7,3,0,0.0
406,2026-01-16,EU,PC,Cross-Promo,A,4,22.8,1,0,0.0
407,2026-01-30,EU,PC,Cross-Promo,B,1,40.9,4,0,0.0
407,2026-01-31,EU,PC,Cross-Promo,B,1,23.3,2,0,0.0
407,2026-02-01,EU,PC,Cross-Promo,B,2,20.4,4,0,0.0
407,2026-02-02,EU,PC,Cross-Promo,B,3,22.9,3,0,0.0
408,2026-01-28,EU,Console,Ads,A,2,27.2,2,0,0.0
408,2026-01-29,EU,Console,Ads,A,1,28.1,1,0,0.0
408,2026-01-30,EU,Console,Ads,A,1,15.9,6,0,0.0
409,2026-01-30,EU,Mobile,Ads,B,8,29.4,2,0,0.0
409,2026-01-31,EU,Mobile,Ads,B,6,43.1,1,0,0.0
409,2026-02-01,EU,Mobile,Ads,B,2,27.7,5,0,0.0
409,2026-02-02,EU,Mobile,Ads,B,2,33.5,2,0,0.0
409,2026-02-03,EU,Mobile,Ads,B,4,30.4,2,0,0.0
409,2026-02-04,EU,Mobile,Ads,B,3,42.2,5,0,0.0
409,2026-02-05,EU,Mobile,Ads,B,1,35.2,4,0,0.0
413,2026-01-31,EU,PC,Referral,B,2,34.1,4,0,0.0
414,2026-01-27,EU,Console,Referral,B,5,34.8,3,0,0.0
414,2026-01-28,EU,Console,Referral,B,2,28.4,5,0,0.0
415,2026-02-04,NA,PC,Referral,A,3,33.7,2,0,0.0
416,2026-01-23,NA,PC,Influencer,A,1,30.2,4,0,0.0
417,2026-01-07,NA,Console,Organic,A,8,19.1,5,0,0.0
419,2026-02-08,NA,Mobile,Cross-Promo,A,2,37.6,1,0,0.0
421,2026-01-23,APAC,Mobile,Organic,A,1,41.5,2,0,0.0
421,2026-01-24,APAC,Mobile,Organic,A,5,37.5,1,0,0.0
421,2026-01-25,APAC,Mobile,Organic,A,3,36.4,5,0,0.0
421,2026-01-26,APAC,Mobile,Organic,A,3,17.7,0,0,0.0
422,2026-01-29,NA,Mobile,Influencer,A,2,42.7,1,0,0.0
422,2026-01-30,NA,Mobile,Influencer,A,1,44.2,2,0,0.0
424,2026-01-27,LATAM,Console,Influencer,B,3,18.1,1,0,0.0
426,2026-01-10,EU,PC,Ads,A,1,30.4,1,0,0.0
427,2026-01-15,APAC,Console,Cross-Promo,B,4,37.0,3,0,0.0
427,2026-01-16,APAC,Console,Cross-Promo,B,4,46.8,4,0,0.0
431,2026-01-24,EU,Mobile,Influencer,A,4,30.6,3,0,0.0
435,2026-01-02,APAC,Console,Referral,A,1,31.7,1,0,0.0
436,2026-01-04,APAC,PC,Influencer,A,1,32.8,2,0,0.0
437,2026-02-06,NA,PC,Organic,A,1,29.6,0,0,0.0
441,2026-01-05,APAC,Console,Organic,A,4,25.5,1,0,0.0
442,2026-01-14,LATAM,Mobile,Influencer,B,3,43.5,1,0,0.0
445,2026-02-02,EU,PC,Influencer,B,3,15.0,1,1,6.21
445,2026-02-03,EU,PC,Influencer,B,4,20.0,5,0,0.0
447,2026-01-08,APAC,PC,Referral,B,3,20.2,3,1,9.91
448,2026-01-31,EU,Mobile,Cross-Promo,A,3,29.6,2,0,0.0
449,2026-01-19,NA,Console,Referral,B,2,26.3,3,0,0.0
449,2026-01-20,NA,Console,Referral,B,2,31.7,1,0,0.0
449,2026-01-21,NA,Console,Referral,B,4,36.0,1,0,0.0
450,2026-01-18,NA,PC,Referral,A,1,14.9,0,0,0.0
451,2026-01-09,APAC,Mobile,Referral,A,3,18.5,1,0,0.0
451,2026-01-10,APAC,Mobile,Referral,A,4,39.4,1,0,0.0
451,2026-01-11,APAC,Mobile,Referral,A,3,34.6,2,0,0.0
451,2026-01-12,APAC,Mobile,Referral,A,1,31.9,3,0,0.0
453,2026-01-28,LATAM,PC,Ads,A,2,15.9,3,0,0.0
454,2026-01-09,NA,PC,Cross-Promo,B,1,23.1,2,0,0.0
456,2026-01-29,LATAM,Mobile,Ads,A,2,31.6,1,1,2.64
456,2026-01-30,LATAM,Mobile,Ads,A,3,19.5,2,1,4.49
456,2026-01-31,LATAM,Mobile,Ads,A,4,34.0,1,0,0.0
456,2026-02-01,LATAM,Mobile,Ads,A,3,40.6,2,0,0.0
458,2026-01-24,NA,PC,Ads,A,3,34.4,0,0,0.0
459,2026-01-26,EU,Console,Organic,B,1,46.1,3,1,8.88
459,2026-01-27,EU,Console,Organic,B,2,35.1,0,0,0.0
460,2026-01-10,NA,Mobile,Influencer,A,3,26.2,2,0,0.0
461,2026-02-09,LATAM,Mobile,Cross-Promo,B,1,21.6,4,0,0.0
462,2026-01-09,LATAM,Mobile,Referral,B,1,42.8,4,0,0.0
462,2026-01-10,LATAM,Mobile,Referral,B,3,38.2,3,0,0.0
465,2026-01-18,APAC,Console,Cross-Promo,A,3,29.6,3,0,0.0
466,2026-02-08,LATAM,Console,Referral,B,3,15.8,3,0,0.0
467,2026-01-23,NA,PC,Influencer,A,6,24.0,3,0,0.0
467,2026-01-24,NA,PC,Influencer,A,1,22.1,2,0,0.0
468,2026-01-25,NA,PC,Ads,A,2,30.7,5,0,0.0
468,2026-01-26,NA,PC,Ads,A,2,45.2,1,0,0.0
468,2026-01-27,NA,PC,Ads,A,3,8.0,3,0,0.0
468,2026-01-28,NA,PC,Ads,A,1,47.5,2,0,0.0
468,2026-01-29,NA,PC,Ads,A,1,30.0,2,0,0.0
469,2026-02-05,APAC,PC,Ads,A,2,17.1,2,1,5.86
469,2026-02-06,APAC,PC,Ads,A,2,31.5,2,0,0.0
469,2026-02-07,APAC,PC,Ads,A,1,40.2,2,1,7.67
469,2026-02-08,APAC,PC,Ads,A,1,30.9,4,0,0.0
470,2026-02-05,APAC,Mobile,Referral,B,2,41.4,2,0,0.0
471,2026-01-08,NA,PC,Influencer,A,1,8.0,1,0,0.0
471,2026-01-09,NA,PC,Influencer,A,4,46.6,0,0,0.0
473,2026-01-12,LATAM,Console,Ads,B,3,16.4,3,0,0.0
473,2026-01-13,LATAM,Console,Ads,B,1,22.1,3,0,0.0
473,2026-01-14,LATAM,Console,Ads,B,3,17.2,1,0,0.0
473,2026-01-15,LATAM,Console,Ads,B,1,34.3,1,0,0.0
473,2026-01-16,LATAM,Console,Ads,B,3,32.0,5,0,0.0
476,2026-02-08,LATAM,PC,Referral,A,3,26.5,1,0,0.0
476,2026-02-09,LATAM,PC,Referral,A,4,26.8,2,0,0.0
476,2026-02-10,LATAM,PC,Referral,A,1,24.0,3,0,0.0
477,2026-01-26,LATAM,Console,Influencer,B,3,40.9,4,0,0.0
478,2026-01-14,LATAM,Mobile,Organic,B,3,28.6,2,0,0.0
480,2026-01-29,EU,Console,Influencer,A,5,19.9,2,0,0.0
481,2026-02-04,APAC,PC,Influencer,B,3,15.5,4,0,0.0
482,2026-02-02,NA,PC,Influencer,B,1,22.7,2,0,0.0
483,2026-01-16,LATAM,Console,Organic,B,4,18.8,2,0,0.0
483,2026-01-17,LATAM,Console,Organic,B,5,25.2,2,0,0.0
493,2026-02-02,LATAM,Console,Cross-Promo,B,4,38.6,3,0,0.0
494,2026-01-19,APAC,Console,Referral,B,4,49.1,2,0,0.0
494,2026-01-20,APAC,Console,Referral,B,1,14.0,1,0,0.0
495,2026-01-02,EU,Mobile,Organic,A,2,28.9,1,0,0.0
495,2026-01-03,EU,Mobile,Organic,A,1,53.4,1,0,0.0
497,2026-01-02,APAC,Console,Organic,A,1,15.3,2,0,0.0
497,2026-01-03,APAC,Console,Organic,A,4,15.7,1,0,0.0
497,2026-01-04,APAC,Console,Organic,A,1,28.3,0,0,0.0
501,2026-01-27,APAC,PC,Organic,B,2,22.3,1,0,0.0
504,2026-01-02,EU,Mobile,Cross-Promo,B,5,39.9,1,0,0.0
507,2026-01-13,APAC,Console,Organic,B,1,41.8,3,0,0.0
507,2026-01-14,APAC,Console,Organic,B,1,25.5,1,0,0.0
507,2026-01-15,APAC,Console,Organic,B,5,27.0,0,0,0.0
509,2026-02-06,LATAM,Mobile,Cross-Promo,A,4,11.0,3,0,0.0
509,2026-02-07,LATAM,Mobile,Cross-Promo,A,2,26.2,3,1,0.34
510,2026-01-29,EU,Mobile,Referral,A,1,30.9,2,0,0.0
510,2026-01-30,EU,Mobile,Referral,A,3,30.4,1,0,0.0
513,2026-01-16,NA,Console,Referral,B,1,27.4,1,0,0.0
513,2026-01-17,NA,Console,Referral,B,1,40.1,4,0,0.0
514,2026-01-13,NA,Mobile,Organic,B,5,20.8,2,0,0.0
514,2026-01-14,NA,Mobile,Organic,B,2,25.1,2,0,0.0
515,2026-01-23,LATAM,Mobile,Referral,A,3,17.2,4,0,0.0
516,2026-01-29,EU,Mobile,Organic,A,1,34.1,0,0,0.0
516,2026-01-30,EU,Mobile,Organic,A,5,21.4,3,0,0.0
517,2026-01-31,EU,Mobile,Referral,A,1,34.2,3,0,0.0
517,2026-02-01,EU,Mobile,Referral,A,3,24.6,4,0,0.0
517,2026-02-02,EU,Mobile,Referral,A,1,8.0,1,0,0.0
521,2026-01-10,EU,Console,Cross-Promo,A,3,35.5,2,0,0.0
522,2026-01-11,NA,Console,Influencer,B,1,57.8,3,0,0.0
524,2026-01-10,APAC,PC,Ads,A,2,33.5,4,0,0.0
526,2026-02-04,EU,PC,Ads,B,4,36.6,0,0,0.0
527,2026-01-07,NA,Mobile,Organic,A,1,32.1,1,0,0.0
528,2026-01-13,NA,Console,Referral,A,2,26.6,0,0,0.0
529,2026-02-06,EU,Console,Influencer,B,1,26.0,1,0,0.0
531,2026-01-29,EU,Console,Influencer,A,1,39.9,3,0,0.0
531,2026-01-30,EU,Console,Influencer,A,4,24.2,2,0,0.0
531,2026-01-31,EU,Console,Influencer,A,3,27.8,2,0,0.0
531,2026-02-01,EU,Console,Influencer,A,1,22.6,0,0,0.0
532,2026-01-11,NA,Mobile,Referral,A,2,31.0,5,1,25.12
532,2026-01-12,NA,Mobile,Referral,A,7,26.2,0,0,0.0
532,2026-01-13,NA,Mobile,Referral,A,1,22.7,2,0,0.0
534,2026-01-04,APAC,Console,Influencer,B,3,36.0,2,0,0.0
536,2026-01-19,APAC,Mobile,Ads,A,2,25.3,4,0,0.0
536,2026-01-20,APAC,Mobile,Ads,A,3,16.6,2,0,0.0
536,2026-01-21,APAC,Mobile,Ads,A,3,19.9,1,0,0.0
539,2026-01-26,LATAM,Console,Cross-Promo,A,1,39.3,6,0,0.0
539,2026-01-27,LATAM,Console,Cross-Promo,A,4,21.0,2,0,0.0
539,2026-01-28,LATAM,Console,Cross-Promo,A,3,27.1,1,0,0.0
539,2026-01-29,LATAM,Console,Cross-Promo,A,2,12.6,6,0,0.0
541,2026-01-30,EU,Mobile,Organic,A,1,29.0,0,1,9.12
545,2026-01-27,EU,Mobile,Influencer,A,1,29.6,5,0,0.0
546,2026-01-17,EU,Mobile,Organic,A,3,39.3,3,0,0.0
546,2026-01-18,EU,Mobile,Organic,A,4,28.3,3,0,0.0
548,2026-02-09,NA,Mobile,Organic,A,1,40.0,1,0,0.0
549,2026-01-15,LATAM,Console,Referral,A,5,27.8,1,0,0.0
550,2026-01-30,EU,Mobile,Organic,A,1,33.2,3,0,0.0
551,2026-01-05,APAC,PC,Organic,B,3,18.6,0,0,0.0
552,2026-01-30,APAC,PC,Referral,A,5,19.8,3,1,7.56
552,2026-01-31,APAC,PC,Referral,A,3,39.2,1,0,0.0
552,2026-02-01,APAC,PC,Referral,A,4,25.2,1,0,0.0
552,2026-02-02,APAC,PC,Referral,A,1,18.9,1,0,0.0
554,2026-01-02,APAC,Mobile,Ads,A,3,22.5,3,0,0.0
554,2026-01-03,APAC,Mobile,Ads,A,1,30.9,1,0,0.0
554,2026-01-04,APAC,Mobile,Ads,A,3,27.2,1,0,0.0
554,2026-01-05,APAC,Mobile,Ads,A,1,52.4,6,0,0.0
554,2026-01-06,APAC,Mobile,Ads,A,3,36.5,2,0,0.0
555,2026-01-08,LATAM,Mobile,Cross-Promo,A,8,34.3,1,0,0.0
557,2026-01-28,APAC,PC,Ads,A,1,22.1,1,0,0.0
558,2026-01-19,LATAM,PC,Referral,B,3,20.2,1,0,0.0
560,2026-01-22,NA,PC,Influencer,A,3,38.7,4,0,0.0
561,2026-01-17,LATAM,PC,Organic,B,2,19.8,3,0,0.0
561,2026-01-18,LATAM,PC,Organic,B,1,40.6,2,1,1.76
563,2026-01-06,NA,Console,Cross-Promo,B,1,37.7,3,0,0.0
563,2026-01-07,NA,Console,Cross-Promo,B,1,31.5,2,0,0.0
564,2026-01-17,EU,Console,Ads,B,5,27.2,0,0,0.0
565,2026-01-23,APAC,Mobile,Organic,B,2,35.0,6,0,0.0
565,2026-01-24,APAC,Mobile,Organic,B,1,11.7,2,0,0.0
565,2026-01-25,APAC,Mobile,Organic,B,2,31.4,1,0,0.0
565,2026-01-26,APAC,Mobile,Organic,B,4,28.7,1,0,0.0
565,2026-01-27,APAC,Mobile,Organic,B,3,25.7,5,0,0.0
566,2026-01-12,APAC,PC,Cross-Promo,A,1,25.8,4,0,0.0
566,2026-01-13,APAC,PC,Cross-Promo,A,4,36.0,3,1,1.88
568,2026-01-21,APAC,PC,Cross-Promo,B,4,36.2,3,0,0.0
572,2026-01-13,APAC,PC,Referral,B,4,19.6,3,0,0.0
573,2026-01-01,EU,Console,Organic,A,1,15.4,3,0,0.0
574,2026-01-04,APAC,PC,Organic,B,1,21.4,1,0,0.0
574,2026-01-05,APAC,PC,Organic,B,4,12.6,4,0,0.0
578,2026-01-09,EU,PC,Influencer,B,1,36.1,1,0,0.0
579,2026-02-07,NA,Mobile,Ads,A,2,39.6,2,0,0.0
580,2026-01-23,NA,PC,Organic,B,1,25.8,4,0,0.0
585,2026-01-10,APAC,Mobile,Organic,B,2,42.5,4,0,0.0
585,2026-01-11,APAC,Mobile,Organic,B,1,8.3,2,0,0.0
585,2026-01-12,APAC,Mobile,Organic,B,7,41.8,2,0,0.0
585,2026-01-13,APAC,Mobile,Organic,B,2,24.6,2,0,0.0
587,2026-01-04,LATAM,Mobile,Referral,A,6,32.0,2,0,0.0
588,2026-01-05,EU,Mobile,Influencer,B,3,38.7,3,0,0.0
588,2026-01-06,EU,Mobile,Influencer,B,3,23.3,0,0,0.0
588,2026-01-07,EU,Mobile,Influencer,B,2,28.6,2,0,0.0
588,2026-01-08,EU,Mobile,Influencer,B,1,43.6,3,0,0.0
591,2026-01-19,NA,Mobile,Cross-Promo,A,3,20.4,2,1,6.66
593,2026-01-13,APAC,PC,Organic,B,5,30.6,3,0,0.0
595,2026-01-24,APAC,Mobile,Cross-Promo,A,2,30.7,1,0,0.0
597,2026-01-27,APAC,Mobile,Organic,B,4,43.1,1,0,0.0
598,2026-01-01,APAC,Console,Influencer,A,3,8.0,2,0,0.0
601,2026-02-09,APAC,Console,Ads,B,3,12.2,4,0,0.0
603,2026-02-08,LATAM,PC,Ads,A,3,8.0,1,0,0.0
604,2026-01-21,NA,PC,Referral,A,1,22.8,4,0,0.0
606,2026-01-20,NA,Console,Ads,B,2,21.8,1,0,0.0
606,2026-01-21,NA,Console,Ads,B,1,17.5,4,0,0.0
609,2026-01-09,EU,Console,Referral,B,3,25.9,3,0,0.0
610,2026-01-03,LATAM,Mobile,Referral,A,1,8.0,3,0,0.0
611,2026-01-12,EU,PC,Organic,B,1,31.9,1,0,0.0
611,2026-01-13,EU,PC,Organic,B,2,17.6,1,0,0.0
612,2026-01-27,EU,Mobile,Cross-Promo,A,3,27.7,1,1,21.57
612,2026-01-28,EU,Mobile,Cross-Promo,A,1,21.2,2,0,0.0
612,2026-01-29,EU,Mobile,Cross-Promo,A,2,18.0,2,0,0.0
612,2026-01-30,EU,Mobile,Cross-Promo,A,5,40.6,0,0,0.0
613,2026-02-05,LATAM,Console,Organic,A,1,12.7,2,0,0.0
613,2026-02-06,LATAM,Console,Organic,A,1,22.9,3,0,0.0
616,2026-01-04,LATAM,PC,Organic,A,1,38.6,5,0,0.0
617,2026-01-03,EU,PC,Influencer,B,5,28.6,5,0,0.0
617,2026-01-04,EU,PC,Influencer,B,2,34.4,5,0,0.0
618,2026-01-03,EU,Console,Influencer,B,2,22.1,3,0,0.0
618,2026-01-04,EU,Console,Influencer,B,2,27.4,3,0,0.0
618,2026-01-05,EU,Console,Influencer,B,2,44.0,5,0,0.0
620,2026-01-11,APAC,Console,Organic,B,2,42.2,2,0,0.0
621,2026-01-29,APAC,Mobile,Ads,B,1,52.0,1,0,0.0
622,2026-02-06,EU,Mobile,Cross-Promo,B,1,16.9,5,1,6.42
622,2026-02-07,EU,Mobile,Cross-Promo,B,2,34.3,5,0,0.0
623,2026-01-20,EU,PC,Ads,A,3,35.9,0,0,0.0
623,2026-01-21,EU,PC,Ads,A,1,22.6,2,1,8.02
623,2026-01-22,EU,PC,Ads,A,4,24.2,4,0,0.0
623,2026-01-23,EU,PC,Ads,A,1,36.2,0,0,0.0
623,2026-01-24,EU,PC,Ads,A,2,10.1,8,0,0.0
623,2026-01-25,EU,PC,Ads,A,2,32.2,1,0,0.0
625,2026-01-12,NA,Mobile,Cross-Promo,B,1,23.7,7,0,0.0
626,2026-01-06,APAC,Mobile,Cross-Promo,B,2,25.5,2,0,0.0
626,2026-01-07,APAC,Mobile,Cross-Promo,B,1,45.2,3,0,0.0
626,2026-01-08,APAC,Mobile,Cross-Promo,B,4,26.5,3,0,0.0
627,2026-01-28,EU,Console,Organic,B,6,8.0,0,0,0.0
627,2026-01-29,EU,Console,Organic,B,4,47.3,1,0,0.0
630,2026-02-08,LATAM,Console,Organic,B,1,29.5,2,0,0.0
634,2026-02-08,EU,PC,Influencer,A,6,43.8,1,0,0.0
635,2026-01-17,NA,PC,Cross-Promo,B,3,20.9,5,0,0.0
635,2026-01-18,NA,PC,Cross-Promo,B,3,19.7,7,1,6.01
635,2026-01-19,NA,PC,Cross-Promo,B,1,24.1,4,0,0.0
637,2026-02-07,EU,Mobile,Ads,B,3,40.1,3,0,0.0
640,2026-02-04,APAC,PC,Referral,B,2,42.5,1,0,0.0
641,2026-01-15,NA,Console,Ads,B,1,34.0,2,0,0.0
644,2026-01-22,NA,PC,Organic,A,2,42.4,3,0,0.0
644,2026-01-23,NA,PC,Organic,A,1,47.5,1,0,0.0
645,2026-01-31,APAC,Console,Ads,B,5,27.9,2,1,15.22
647,2026-01-29,LATAM,Console,Cross-Promo,B,2,30.7,2,0,0.0
647,2026-01-30,LATAM,Console,Cross-Promo,B,1,26.9,4,0,0.0
648,2026-01-04,APAC,Console,Referral,A,1,25.6,2,0,0.0
649,2026-01-21,LATAM,PC,Influencer,B,6,46.7,8,0,0.0
649,2026-01-22,LATAM,PC,Influencer,B,6,21.1,3,0,0.0
649,2026-01-23,LATAM,PC,Influencer,B,2,12.8,3,0,0.0
650,2026-01-27,APAC,Mobile,Organic,B,2,39.5,3,0,0.0
652,2026-01-27,LATAM,Mobile,Influencer,A,4,8.7,3,0,0.0
656,2026-01-02,APAC,Console,Cross-Promo,B,1,20.7,2,0,0.0
657,2026-02-09,NA,Mobile,Ads,B,2,26.1,4,1,1.76
657,2026-02-10,NA,Mobile,Ads,B,3,25.6,2,0,0.0
658,2026-01-14,LATAM,PC,Referral,A,2,38.1,2,0,0.0
660,2026-01-21,NA,PC,Referral,A,3,41.6,5,0,0.0
660,2026-01-22,NA,PC,Referral,A,7,28.4,3,0,0.0
660,2026-01-23,NA,PC,Referral,A,2,34.1,2,0,0.0
660,2026-01-24,NA,PC,Referral,A,4,42.9,1,0,0.0
660,2026-01-25,NA,PC,Referral,A,4,25.4,0,0,0.0
661,2026-02-03,LATAM,Console,Influencer,B,4,11.1,2,0,0.0
662,2026-01-10,EU,PC,Referral,B,1,38.2,4,0,0.0
662,2026-01-11,EU,PC,Referral,B,5,25.8,1,0,0.0
662,2026-01-12,EU,PC,Referral,B,3,16.2,1,0,0.0
662,2026-01-13,EU,PC,Referral,B,2,14.5,0,1,12.64
664,2026-01-25,LATAM,Console,Influencer,B,5,23.2,5,0,0.0
664,2026-01-26,LATAM,Console,Influencer,B,1,25.1,2,0,0.0
665,2026-01-03,LATAM,Mobile,Influencer,B,1,13.3,2,0,0.0
666,2026-02-02,NA,PC,Influencer,A,5,25.6,2,0,0.0
667,2026-01-09,LATAM,PC,Ads,A,1,32.2,4,1,5.86
667,2026-01-10,LATAM,PC,Ads,A,3,18.2,4,0,0.0
667,2026-01-11,LATAM,PC,Ads,A,4,31.2,3,0,0.0
667,2026-01-12,LATAM,PC,Ads,A,2,28.6,3,0,0.0
668,2026-01-27,APAC,PC,Organic,B,2,12.6,4,0,0.0
668,2026-01-28,APAC,PC,Organic,B,3,13.6,6,0,0.0
668,2026-01-29,APAC,PC,Organic,B,1,20.6,2,0,0.0
669,2026-01-28,APAC,Mobile,Cross-Promo,B,3,22.3,2,0,0.0
669,2026-01-29,APAC,Mobile,Cross-Promo,B,5,21.7,2,0,0.0
671,2026-02-08,NA,PC,Influencer,A,4,16.8,1,0,0.0
676,2026-01-01,APAC,PC,Influencer,B,1,22.5,3,0,0.0
677,2026-01-05,LATAM,Console,Referral,A,1,38.5,3,0,0.0
680,2026-01-11,APAC,PC,Ads,B,5,39.1,1,0,0.0
683,2026-02-03,APAC,Mobile,Cross-Promo,A,3,42.1,0,0,0.0
683,2026-02-04,APAC,Mobile,Cross-Promo,A,1,40.9,2,0,0.0
684,2026-01-02,LATAM,PC,Cross-Promo,B,2,30.8,4,0,0.0
685,2026-01-18,EU,Mobile,Cross-Promo,A,1,40.6,2,0,0.0
686,2026-01-06,APAC,PC,Influencer,B,3,10.9,2,0,0.0
687,2026-02-03,APAC,Console,Referral,B,1,34.5,4,0,0.0
687,2026-02-04,APAC,Console,Referral,B,2,8.0,4,0,0.0
687,2026-02-05,APAC,Console,Referral,B,3,29.9,3,0,0.0
689,2026-02-05,APAC,Mobile,Organic,A,2,38.9,3,0,0.0
695,2026-01-30,LATAM,PC,Cross-Promo,B,1,20.5,3,0,0.0
696,2026-01-19,LATAM,PC,Ads,B,2,34.8,2,0,0.0
696,2026-01-20,LATAM,PC,Ads,B,3,25.6,1,0,0.0
696,2026-01-21,LATAM,PC,Ads,B,1,17.1,0,0,0.0
696,2026-01-22,LATAM,PC,Ads,B,1,36.1,2,0,0.0
696,2026-01-23,LATAM,PC,Ads,B,3,25.0,4,0,0.0
696,2026-01-24,LATAM,PC,Ads,B,2,28.1,2,0,0.0
696,2026-01-25,LATAM,PC,Ads,B,1,20.9,6,0,0.0
700,2026-01-07,LATAM,Console,Ads,B,6,10.6,2,0,0.0
703,2026-02-01,EU,Console,Ads,B,5,18.1,6,0,0.0
703,2026-02-02,EU,Console,Ads,B,1,25.2,1,0,0.0
703,2026-02-03,EU,Console,Ads,B,2,36.6,3,0,0.0
706,2026-01-31,LATAM,Console,Referral,A,1,38.0,2,0,0.0
708,2026-01-28,LATAM,PC,Ads,A,2,43.1,5,0,0.0
708,2026-01-29,LATAM,PC,Ads,A,2,23.0,3,1,12.1
708,2026-01-30,LATAM,PC,Ads,A,3,29.3,3,0,0.0
709,2026-01-11,APAC,Console,Referral,B,3,23.7,6,1,2.81
710,2026-01-08,EU,Mobile,Referral,A,5,26.8,1,0,0.0
710,2026-01-09,EU,Mobile,Referral,A,1,35.3,3,0,0.0
710,2026-01-10,EU,Mobile,Referral,A,3,45.6,3,1,4.92
711,2026-01-09,EU,Console,Influencer,A,1,13.8,0,1,5.57
715,2026-01-14,EU,Mobile,Organic,A,2,9.9,2,0,0.0
715,2026-01-15,EU,Mobile,Organic,A,4,25.3,2,0,0.0
716,2026-01-08,APAC,Console,Organic,A,1,27.4,3,0,0.0
716,2026-01-09,APAC,Console,Organic,A,1,23.9,1,0,0.0
717,2026-01-14,APAC,Mobile,Referral,B,4,24.9,0,0,0.0
717,2026-01-15,APAC,Mobile,Referral,B,2,32.0,4,0,0.0
719,2026-02-08,APAC,Console,Referral,B,1,28.5,1,0,0.0
720,2026-01-21,EU,PC,Cross-Promo,A,2,43.9,3,0,0.0
720,2026-01-22,EU,PC,Cross-Promo,A,4,24.5,5,0,0.0
721,2026-01-10,EU,PC,Organic,B,4,30.6,1,0,0.0
724,2026-01-17,APAC,Console,Influencer,B,2,42.6,2,0,0.0
724,2026-01-18,APAC,Console,Influencer,B,4,30.7,3,0,0.0
725,2026-02-01,NA,Console,Ads,A,2,26.1,1,0,0.0
726,2026-01-29,NA,Console,Ads,B,4,35.2,2,0,0.0
727,2026-01-24,LATAM,Console,Influencer,A,1,9.3,1,0,0.0
729,2026-01-15,APAC,Mobile,Referral,A,1,19.9,0,1,5.64
729,2026-01-16,APAC,Mobile,Referral,A,4,10.8,0,0,0.0
733,2026-01-11,NA,Mobile,Influencer,B,5,19.5,1,0,0.0
733,2026-01-12,NA,Mobile,Influencer,B,1,34.3,2,0,0.0
734,2026-01-31,EU,Console,Referral,A,2,47.1,2,0,0.0
736,2026-01-24,NA,Mobile,Referral,A,1,31.0,4,0,0.0
736,2026-01-25,NA,Mobile,Referral,A,3,26.1,0,0,0.0
736,2026-01-26,NA,Mobile,Referral,A,1,29.0,5,0,0.0
736,2026-01-27,NA,Mobile,Referral,A,3,38.8,2,0,0.0
736,2026-01-28,NA,Mobile,Referral,A,3,24.2,1,0,0.0
737,2026-01-27,LATAM,Console,Cross-Promo,A,1,27.9,5,0,0.0
737,2026-01-28,LATAM,Console,Cross-Promo,A,1,23.9,2,0,0.0
738,2026-01-28,LATAM,PC,Cross-Promo,A,1,42.9,1,0,0.0
738,2026-01-29,LATAM,PC,Cross-Promo,A,4,8.7,2,0,0.0
738,2026-01-30,LATAM,PC,Cross-Promo,A,1,32.0,1,0,0.0
738,2026-01-31,LATAM,PC,Cross-Promo,A,5,34.5,1,0,0.0
740,2026-01-05,NA,Mobile,Ads,B,1,34.2,3,0,0.0
741,2026-01-30,LATAM,Console,Referral,B,3,29.7,1,0,0.0
741,2026-01-31,LATAM,Console,Referral,B,3,26.5,3,0,0.0
741,2026-02-01,LATAM,Console,Referral,B,5,36.1,1,0,0.0
746,2026-01-11,NA,Mobile,Organic,B,1,34.1,4,0,0.0
747,2026-01-17,EU,PC,Influencer,A,1,27.3,3,1,11.21
750,2026-01-22,LATAM,Mobile,Referral,A,4,12.6,3,0,0.0
751,2026-01-13,APAC,Console,Cross-Promo,B,2,23.2,2,0,0.0
752,2026-01-31,NA,Mobile,Referral,B,1,24.1,1,0,0.0
752,2026-02-01,NA,Mobile,Referral,B,2,26.5,2,1,14.19
753,2026-01-21,EU,PC,Organic,A,2,18.1,2,0,0.0
754,2026-01-29,LATAM,Mobile,Ads,B,3,45.1,0,0,0.0
754,2026-01-30,LATAM,Mobile,Ads,B,1,39.2,3,0,0.0
755,2026-01-26,LATAM,Console,Cross-Promo,B,7,24.4,2,0,0.0
756,2026-01-29,APAC,Console,Organic,A,1,18.7,2,0,0.0
756,2026-01-30,APAC,Console,Organic,A,2,35.8,1,0,0.0
756,2026-01-31,APAC,Console,Organic,A,5,35.4,2,0,0.0
756,2026-02-01,APAC,Console,Organic,A,1,21.7,5,0,0.0
761,2026-01-31,LATAM,Console,Ads,A,1,16.7,8,0,0.0
763,2026-01-19,NA,Console,Influencer,A,2,33.4,1,0,0.0
765,2026-01-18,NA,PC,Cross-Promo,B,4,38.6,1,0,0.0
765,2026-01-19,NA,PC,Cross-Promo,B,4,35.6,1,0,0.0
765,2026-01-20,NA,PC,Cross-Promo,B,1,42.8,3,0,0.0
768,2026-01-23,LATAM,PC,Ads,B,1,39.1,3,0,0.0
771,2026-01-10,EU,Console,Influencer,A,1,31.0,0,0,0.0
771,2026-01-11,EU,Console,Influencer,A,1,27.2,3,0,0.0
774,2026-01-30,NA,Mobile,Referral,B,5,32.9,1,0,0.0
777,2026-01-28,APAC,Console,Organic,A,1,37.9,3,0,0.0
778,2026-01-19,NA,PC,Influencer,B,2,22.9,1,0,0.0
779,2026-01-30,NA,Mobile,Influencer,A,4,26.7,1,0,0.0
785,2026-02-03,LATAM,Console,Ads,B,3,37.5,0,0,0.0
785,2026-02-04,LATAM,Console,Ads,B,2,28.0,2,0,0.0
786,2026-02-08,EU,PC,Organic,B,2,31.8,3,0,0.0
788,2026-01-05,LATAM,Console,Influencer,B,2,47.8,0,0,0.0
788,2026-01-06,LATAM,Console,Influencer,B,2,34.4,2,0,0.0
788,2026-01-07,LATAM,Console,Influencer,B,4,34.8,3,0,0.0
792,2026-01-20,NA,Console,Influencer,B,2,29.2,2,0,0.0
793,2026-01-22,NA,PC,Ads,B,2,41.8,4,0,0.0
794,2026-02-08,NA,PC,Cross-Promo,B,2,36.9,2,1,11.32
797,2026-02-08,LATAM,Mobile,Ads,B,4,28.0,4,0,0.0
801,2026-01-31,APAC,PC,Referral,B,3,41.6,6,0,0.0
802,2026-01-05,EU,Console,Cross-Promo,B,2,51.1,1,0,0.0
804,2026-01-03,APAC,PC,Cross-Promo,B,1,39.6,0,0,0.0
804,2026-01-04,APAC,PC,Cross-Promo,B,2,10.4,6,0,0.0
806,2026-01-26,LATAM,PC,Referral,B,2,29.3,2,0,0.0
806,2026-01-27,LATAM,PC,Referral,B,4,27.8,0,0,0.0
806,2026-01-28,LATAM,PC,Referral,B,2,33.5,0,1,1.41
808,2026-01-29,LATAM,Mobile,Ads,A,1,22.0,2,0,0.0
809,2026-01-21,APAC,Mobile,Ads,A,2,38.4,3,0,0.0
812,2026-01-10,LATAM,PC,Cross-Promo,A,2,44.9,2,0,0.0
814,2026-01-03,EU,Mobile,Ads,B,5,20.0,2,1,7.86
814,2026-01-04,EU,Mobile,Ads,B,2,31.6,7,0,0.0
817,2026-01-17,NA,Console,Ads,B,2,31.5,3,0,0.0
818,2026-01-15,NA,Mobile,Influencer,B,3,24.5,2,0,0.0
818,2026-01-16,NA,Mobile,Influencer,B,3,24.4,2,0,0.0
818,2026-01-17,NA,Mobile,Influencer,B,3,45.2,3,0,0.0
819,2026-01-15,NA,PC,Ads,A,1,17.5,2,0,0.0
821,2026-01-04,APAC,Mobile,Organic,A,2,12.6,3,0,0.0
823,2026-01-27,LATAM,PC,Cross-Promo,B,2,37.4,1,0,0.0
823,2026-01-28,LATAM,PC,Cross-Promo,B,3,38.4,2,1,11.7
827,2026-01-10,APAC,Mobile,Referral,A,6,23.1,2,0,0.0
828,2026-01-31,LATAM,Mobile,Organic,B,2,40.3,4,0,0.0
829,2026-02-03,LATAM,Mobile,Ads,A,3,44.9,4,1,4.34
832,2026-01-04,EU,PC,Referral,A,1,25.7,2,0,0.0
832,2026-01-05,EU,PC,Referral,A,2,25.4,4,0,0.0
832,2026-01-06,EU,PC,Referral,A,2,30.6,2,0,0.0
840,2026-02-09,LATAM,PC,Cross-Promo,B,2,25.3,2,0,0.0
840,2026-02-10,LATAM,PC,Cross-Promo,B,5,28.5,7,0,0.0
840,2026-02-11,LATAM,PC,Cross-Promo,B,2,33.0,2,0,0.0
840,2026-02-12,LATAM,PC,Cross-Promo,B,3,29.4,2,0,0.0
841,2026-02-01,NA,Console,Organic,B,3,27.2,4,0,0.0
841,2026-02-02,NA,Console,Organic,B,5,31.3,0,0,0.0
841,2026-02-03,NA,Console,Organic,B,3,42.8,5,0,0.0
842,2026-02-06,NA,Console,Organic,A,2,41.7,2,0,0.0
844,2026-01-18,EU,PC,Ads,B,3,27.4,1,1,7.14
845,2026-01-22,NA,PC,Cross-Promo,A,3,30.6,2,0,0.0
845,2026-01-23,NA,PC,Cross-Promo,A,2,9.7,2,0,0.0
845,2026-01-24,NA,PC,Cross-Promo,A,1,38.3,4,0,0.0
847,2026-01-02,LATAM,Console,Influencer,B,4,22.2,2,0,0.0
847,2026-01-03,LATAM,Console,Influencer,B,3,34.1,3,0,0.0
849,2026-01-31,LATAM,PC,Organic,A,5,39.2,2,0,0.0
849,2026-02-01,LATAM,PC,Organic,A,2,34.1,1,0,0.0
852,2026-02-07,EU,PC,Organic,B,4,44.3,2,1,6.96
853,2026-01-11,EU,PC,Ads,B,3,32.5,3,0,0.0
853,2026-01-12,EU,PC,Ads,B,2,39.2,3,0,0.0
855,2026-01-17,LATAM,PC,Referral,A,2,35.1,2,0,0.0
858,2026-01-10,APAC,Console,Organic,A,2,16.6,1,0,0.0
859,2026-02-09,NA,PC,Influencer,A,3,8.0,2,1,3.72
860,2026-01-26,LATAM,Mobile,Cross-Promo,A,3,22.7,2,0,0.0
863,2026-01-05,LATAM,Console,Referral,B,3,28.4,3,0,0.0
864,2026-01-17,NA,Console,Organic,A,2,28.8,3,0,0.0
864,2026-01-18,NA,Console,Organic,A,3,21.0,3,0,0.0
865,2026-01-07,EU,PC,Cross-Promo,B,2,22.1,3,0,0.0
866,2026-01-20,LATAM,Mobile,Organic,B,3,16.2,3,0,0.0
868,2026-01-25,NA,PC,Referral,A,3,9.3,2,0,0.0
869,2026-01-23,NA,PC,Cross-Promo,B,1,36.1,0,0,0.0
872,2026-01-07,EU,Console,Influencer,A,4,28.7,3,0,0.0
872,2026-01-08,EU,Console,Influencer,A,1,20.9,2,0,0.0
877,2026-01-12,LATAM,Mobile,Organic,A,1,27.8,3,0,0.0
878,2026-01-24,APAC,Mobile,Influencer,A,5,8.0,2,0,0.0
878,2026-01-25,APAC,Mobile,Influencer,A,2,26.5,3,0,0.0
886,2026-01-01,NA,PC,Organic,A,2,17.2,2,0,0.0
886,2026-01-02,NA,PC,Organic,A,3,27.2,1,0,0.0
886,2026-01-03,NA,PC,Organic,A,3,25.7,2,0,0.0
886,2026-01-04,NA,PC,Organic,A,4,22.1,4,0,0.0
886,2026-01-05,NA,PC,Organic,A,4,41.0,0,0,0.0
886,2026-01-06,NA,PC,Organic,A,3,20.3,1,0,0.0
886,2026-01-07,NA,PC,Organic,A,2,42.7,7,0,0.0
886,2026-01-08,NA,PC,Organic,A,1,19.0,3,0,0.0
888,2026-01-15,APAC,PC,Ads,B,3,37.5,4,0,0.0
889,2026-01-21,NA,PC,Influencer,B,1,30.6,1,0,0.0
891,2026-01-12,LATAM,PC,Organic,B,1,26.9,2,0,0.0
892,2026-01-21,NA,Mobile,Cross-Promo,B,5,21.9,2,0,0.0
893,2026-01-13,NA,Console,Cross-Promo,B,1,9.5,5,0,0.0
897,2026-01-29,EU,Console,Cross-Promo,B,2,37.5,1,1,21.89
897,2026-01-30,EU,Console,Cross-Promo,B,2,42.8,5,1,2.58
897,2026-01-31,EU,Console,Cross-Promo,B,3,44.6,1,0,0.0
897,2026-02-01,EU,Console,Cross-Promo,B,3,34.5,2,0,0.0
897,2026-02-02,EU,Console,Cross-Promo,B,4,16.2,3,0,0.0
897,2026-02-03,EU,Console,Cross-Promo,B,5,27.5,1,0,0.0
898,2026-01-31,EU,Console,Influencer,B,1,18.4,4,0,0.0
899,2026-01-03,EU,PC,Referral,B,5,14.3,2,0,0.0
899,2026-01-04,EU,PC,Referral,B,1,27.6,3,1,6.51
900,2026-01-01,APAC,Mobile,Influencer,B,1,8.0,2,0,0.0
900,2026-01-02,APAC,Mobile,Influencer,B,1,28.7,4,0,0.0
900,2026-01-03,APAC,Mobile,Influencer,B,8,30.7,3,0,0.0
901,2026-01-21,EU,PC,Ads,A,3,16.5,4,0,0.0
901,2026-01-22,EU,PC,Ads,A,1,41.5,4,0,0.0
901,2026-01-23,EU,PC,Ads,A,1,31.2,2,0,0.0
901,2026-01-24,EU,PC,Ads,A,1,23.2,1,0,0.0
901,2026-01-25,EU,PC,Ads,A,2,25.6,3,0,0.0
901,2026-01-26,EU,PC,Ads,A,2,44.3,1,0,0.0
901,2026-01-27,EU,PC,Ads,A,3,44.6,3,0,0.0
901,2026-01-28,EU,PC,Ads,A,6,24.6,4,0,0.0
902,2026-01-07,LATAM,Mobile,Influencer,A,3,32.8,2,1,7.26
905,2026-01-23,LATAM,Console,Cross-Promo,A,1,18.9,1,0,0.0
905,2026-01-24,LATAM,Console,Cross-Promo,A,4,37.7,8,0,0.0
905,2026-01-25,LATAM,Console,Cross-Promo,A,2,36.5,3,0,0.0
905,2026-01-26,LATAM,Console,Cross-Promo,A,2,32.8,3,0,0.0
906,2026-01-12,EU,Mobile,Organic,B,1,30.0,5,0,0.0
906,2026-01-13,EU,Mobile,Organic,B,1,11.6,1,0,0.0
907,2026-01-04,EU,Mobile,Organic,B,3,24.7,1,0,0.0
910,2026-01-16,APAC,Mobile,Cross-Promo,A,1,44.4,3,1,2.69
911,2026-01-30,EU,Mobile,Referral,B,1,28.0,5,0,0.0
911,2026-01-31,EU,Mobile,Referral,B,3,28.5,2,0,0.0
911,2026-02-01,EU,Mobile,Referral,B,1,34.0,7,0,0.0
912,2026-02-04,EU,Mobile,Referral,B,3,41.2,3,0,0.0
914,2026-01-25,APAC,Console,Influencer,A,3,28.4,1,0,0.0
916,2026-01-26,APAC,Mobile,Referral,B,2,32.7,0,0,0.0
918,2026-01-30,EU,Console,Cross-Promo,A,4,18.9,4,0,0.0
918,2026-01-31,EU,Console,Cross-Promo,A,4,28.6,0,0,0.0
920,2026-01-22,EU,Mobile,Referral,B,3,27.4,4,0,0.0
921,2026-02-06,NA,Mobile,Influencer,B,1,25.2,5,0,0.0
922,2026-01-18,EU,Console,Referral,B,6,31.3,2,0,0.0
923,2026-01-03,EU,Mobile,Ads,B,3,16.2,3,0,0.0
924,2026-01-09,LATAM,Mobile,Organic,A,2,21.6,3,0,0.0
924,2026-01-10,LATAM,Mobile,Organic,A,1,23.5,3,1,11.98
927,2026-01-28,LATAM,Console,Organic,A,1,23.0,1,0,0.0
933,2026-02-03,NA,PC,Referral,B,1,28.0,2,0,0.0
933,2026-02-04,NA,PC,Referral,B,1,17.8,3,0,0.0
933,2026-02-05,NA,PC,Referral,B,2,23.4,6,0,0.0
936,2026-01-09,LATAM,Mobile,Cross-Promo,B,1,32.7,4,0,0.0
936,2026-01-10,LATAM,Mobile,Cross-Promo,B,1,36.7,3,0,0.0
936,2026-01-11,LATAM,Mobile,Cross-Promo,B,2,42.0,3,0,0.0
936,2026-01-12,LATAM,Mobile,Cross-Promo,B,1,31.2,5,1,5.95
937,2026-01-11,EU,Mobile,Organic,B,5,33.5,3,1,32.08
942,2026-01-26,LATAM,Mobile,Influencer,B,3,32.8,2,0,0.0
945,2026-01-24,NA,Console,Organic,A,3,44.8,3,0,0.0
946,2026-01-28,NA,Mobile,Organic,A,4,11.9,3,1,7.54
946,2026-01-29,NA,Mobile,Organic,A,1,18.4,4,0,0.0
946,2026-01-30,NA,Mobile,Organic,A,2,21.8,1,0,0.0
947,2026-01-16,EU,Console,Ads,B,4,31.1,4,0,0.0
949,2026-01-23,APAC,Console,Influencer,A,3,30.0,0,0,0.0
949,2026-01-24,APAC,Console,Influencer,A,3,20.3,4,0,0.0
949,2026-01-25,APAC,Console,Influencer,A,1,15.7,0,0,0.0
949,2026-01-26,APAC,Console,Influencer,A,1,34.6,3,1,3.38
952,2026-01-08,LATAM,PC,Cross-Promo,A,1,30.3,7,0,0.0
952,2026-01-09,LATAM,PC,Cross-Promo,A,6,16.4,1,0,0.0
954,2026-01-12,LATAM,Mobile,Organic,B,3,48.3,3,1,1.74
957,2026-02-02,EU,Mobile,Referral,B,3,20.1,4,0,0.0
957,2026-02-03,EU,Mobile,Referral,B,5,39.3,4,0,0.0
957,2026-02-04,EU,Mobile,Referral,B,2,18.7,6,1,12.1
957,2026-02-05,EU,Mobile,Referral,B,2,20.0,5,1,4.03
957,2026-02-06,EU,Mobile,Referral,B,2,28.1,4,0,0.0
957,2026-02-07,EU,Mobile,Referral,B,2,20.0,2,0,0.0
959,2026-01-20,APAC,Console,Influencer,A,2,17.7,3,0,0.0
959,2026-01-21,APAC,Console,Influencer,A,3,27.5,2,0,0.0
959,2026-01-22,APAC,Console,Influencer,A,3,30.5,0,0,0.0
960,2026-01-13,APAC,Console,Influencer,A,3,20.0,5,0,0.0
962,2026-01-25,APAC,Mobile,Influencer,A,3,22.3,2,0,0.0
962,2026-01-26,APAC,Mobile,Influencer,A,1,19.1,4,0,0.0
964,2026-02-01,NA,Console,Ads,A,3,43.4,2,0,0.0
964,2026-02-02,NA,Console,Ads,A,3,19.8,3,0,0.0
965,2026-01-13,APAC,PC,Ads,B,3,18.0,2,0,0.0
966,2026-01-09,APAC,PC,Ads,B,1,26.9,5,1,3.23
966,2026-01-10,APAC,PC,Ads,B,1,12.2,4,0,0.0
967,2026-01-16,APAC,Console,Ads,A,5,28.0,4,1,2.78
967,2026-01-17,APAC,Console,Ads,A,4,41.3,1,0,0.0
967,2026-01-18,APAC,Console,Ads,A,2,12.9,4,0,0.0
968,2026-01-15,LATAM,Mobile,Cross-Promo,B,4,46.4,1,0,0.0
969,2026-01-02,EU,Console,Influencer,A,2,14.3,2,0,0.0
970,2026-01-06,LATAM,PC,Influencer,A,1,16.6,4,0,0.0
970,2026-01-07,LATAM,PC,Influencer,A,2,27.5,1,0,0.0
972,2026-02-01,LATAM,Mobile,Ads,B,3,38.6,4,0,0.0
972,2026-02-02,LATAM,Mobile,Ads,B,4,17.0,6,0,0.0
973,2026-01-12,EU,Mobile,Influencer,A,1,50.6,1,0,0.0
973,2026-01-13,EU,Mobile,Influencer,A,1,42.9,3,0,0.0
973,2026-01-14,EU,Mobile,Influencer,A,1,14.9,1,0,0.0
973,2026-01-15,EU,Mobile,Influencer,A,1,26.8,3,0,0.0
976,2026-02-03,LATAM,Console,Cross-Promo,A,2,28.0,2,1,9.4
978,2026-01-31,LATAM,Console,Influencer,B,1,44.3,4,0,0.0
980,2026-01-03,NA,PC,Referral,A,2,40.3,0,0,0.0
980,2026-01-04,NA,PC,Referral,A,5,29.3,1,0,0.0
981,2026-01-25,NA,Mobile,Ads,B,5,50.3,4,0,0.0
982,2026-01-06,APAC,PC,Influencer,A,3,25.3,1,0,0.0
983,2026-01-02,LATAM,Console,Cross-Promo,A,5,36.1,1,0,0.0
983,2026-01-03,LATAM,Console,Cross-Promo,A,2,36.9,0,0,0.0
986,2026-02-02,NA,Console,Influencer,A,1,19.0,0,0,0.0
988,2026-01-30,EU,Mobile,Organic,B,1,49.4,2,0,0.0
990,2026-01-10,NA,Mobile,Organic,A,5,27.7,2,0,0.0
990,2026-01-11,NA,Mobile,Organic,A,3,36.6,2,0,0.0
991,2026-02-08,EU,PC,Cross-Promo,B,3,15.7,0,0,0.0
991,2026-02-09,EU,PC,Cross-Promo,B,3,42.4,3,0,0.0
991,2026-02-10,EU,PC,Cross-Promo,B,4,37.4,2,0,0.0
992,2026-02-08,APAC,Console,Cross-Promo,B,2,34.3,1,0,0.0
993,2026-01-27,LATAM,PC,Cross-Promo,B,3,31.1,2,0,0.0
994,2026-01-09,EU,PC,Ads,A,2,53.4,4,0,0.0
995,2026-02-09,NA,Console,Referral,A,2,22.8,3,0,0.0
996,2026-01-15,APAC,Console,Cross-Promo,A,1,29.7,3,0,0.0
996,2026-01-16,APAC,Console,Cross-Promo,A,1,37.6,1,0,0.0
998,2026-01-26,APAC,Console,Referral,A,1,34.7,2,0,0.0
998,2026-01-27,APAC,Console,Referral,A,4,24.0,2,0,0.0
998,2026-01-28,APAC,Console,Referral,A,3,17.4,3,0,0.0
1001,2026-01-23,EU,PC,Ads,A,2,18.8,1,0,0.0
1003,2026-01-03,LATAM,PC,Cross-Promo,B,1,21.5,2,0,0.0
1003,2026-01-04,LATAM,PC,Cross-Promo,B,1,22.4,4,0,0.0
1006,2026-01-08,NA,Mobile,Cross-Promo,A,2,22.8,4,0,0.0
1006,2026-01-09,NA,Mobile,Cross-Promo,A,3,38.9,0,0,0.0
1006,2026-01-10,NA,Mobile,Cross-Promo,A,1,19.2,2,0,0.0
1007,2026-01-04,APAC,Console,Referral,A,1,10.2,1,0,0.0
1008,2026-01-06,LATAM,Mobile,Referral,B,3,16.0,1,0,0.0
1008,2026-01-07,LATAM,Mobile,Referral,B,1,30.2,4,0,0.0
1009,2026-01-13,NA,Console,Organic,B,2,36.9,2,0,0.0
1010,2026-02-03,LATAM,Console,Referral,A,3,8.0,6,0,0.0
1011,2026-01-13,NA,Console,Influencer,B,3,44.2,3,0,0.0
1013,2026-01-02,LATAM,Mobile,Referral,A,3,8.0,3,0,0.0
1013,2026-01-03,LATAM,Mobile,Referral,A,2,41.0,2,0,0.0
1015,2026-01-18,EU,Console,Influencer,B,1,27.4,3,0,0.0
1018,2026-02-04,NA,PC,Ads,B,1,41.0,4,0,0.0
1018,2026-02-05,NA,PC,Ads,B,3,27.7,7,0,0.0
1018,2026-02-06,NA,PC,Ads,B,3,26.0,3,0,0.0
1019,2026-01-10,LATAM,Mobile,Organic,A,5,22.8,3,0,0.0
1021,2026-01-24,APAC,PC,Referral,B,1,24.0,4,0,0.0
1022,2026-01-18,NA,Console,Referral,B,2,30.5,3,0,0.0
1022,2026-01-19,NA,Console,Referral,B,5,40.4,5,0,0.0
1023,2026-01-12,APAC,PC,Referral,B,3,40.0,6,0,0.0
1023,2026-01-13,APAC,PC,Referral,B,1,33.3,2,0,0.0
1023,2026-01-14,APAC,PC,Referral,B,2,14.3,0,0,0.0
1024,2026-01-05,EU,PC,Influencer,B,1,27.6,0,0,0.0
1024,2026-01-06,EU,PC,Influencer,B,2,30.2,4,0,0.0
1024,2026-01-07,EU,PC,Influencer,B,3,21.4,1,1,5.46
1025,2026-01-09,APAC,Console,Ads,B,2,47.5,5,0,0.0
1028,2026-01-11,LATAM,PC,Ads,A,3,16.7,4,0,0.0
1029,2026-01-23,EU,Console,Influencer,A,1,41.9,4,0,0.0
1029,2026-01-24,EU,Console,Influencer,A,1,21.9,5,1,3.44
1029,2026-01-25,EU,Console,Influencer,A,4,29.0,1,0,0.0
1031,2026-01-01,NA,Mobile,Ads,A,3,28.1,2,1,21.24
1032,2026-02-02,LATAM,PC,Ads,B,1,13.3,3,0,0.0
1033,2026-01-02,LATAM,PC,Organic,B,2,30.1,1,0,0.0
1033,2026-01-03,LATAM,PC,Organic,B,4,18.3,3,0,0.0
1033,2026-01-04,LATAM,PC,Organic,B,1,15.0,7,0,0.0
1034,2026-01-22,NA,Mobile,Referral,B,3,39.8,2,0,0.0
1037,2026-01-12,NA,Console,Cross-Promo,A,2,12.5,2,0,0.0
1037,2026-01-13,NA,Console,Cross-Promo,A,4,41.8,3,0,0.0
1038,2026-01-06,NA,Console,Ads,A,2,28.1,2,0,0.0
1038,2026-01-07,NA,Console,Ads,A,1,9.1,1,0,0.0
1038,2026-01-08,NA,Console,Ads,A,3,40.3,1,0,0.0
1039,2026-02-05,LATAM,Mobile,Ads,B,2,41.6,4,0,0.0
1039,2026-02-06,LATAM,Mobile,Ads,B,4,24.7,4,0,0.0
1041,2026-01-23,LATAM,PC,Organic,A,4,17.1,2,0,0.0
1043,2026-01-22,LATAM,Mobile,Influencer,B,3,50.2,5,0,0.0
1043,2026-01-23,LATAM,Mobile,Influencer,B,3,50.5,0,0,0.0
1045,2026-01-16,APAC,Console,Organic,A,1,27.2,2,0,0.0
1045,2026-01-17,APAC,Console,Organic,A,3,20.8,1,0,0.0
1045,2026-01-18,APAC,Console,Organic,A,3,21.6,0,0,0.0
1047,2026-01-28,APAC,Console,Organic,B,3,30.4,4,0,0.0
1047,2026-01-29,APAC,Console,Organic,B,3,25.2,5,0,0.0
1048,2026-01-16,APAC,PC,Cross-Promo,A,2,27.5,2,0,0.0
1048,2026-01-17,APAC,PC,Cross-Promo,A,3,50.7,5,0,0.0
1048,2026-01-18,APAC,PC,Cross-Promo,A,5,33.1,5,0,0.0
1048,2026-01-19,APAC,PC,Cross-Promo,A,4,22.2,0,0,0.0
1048,2026-01-20,APAC,PC,Cross-Promo,A,4,38.4,5,0,0.0
1054,2026-01-19,APAC,Mobile,Ads,B,4,39.6,2,0,0.0
1054,2026-01-20,APAC,Mobile,Ads,B,4,29.3,3,0,0.0
1055,2026-01-17,LATAM,Console,Influencer,B,2,37.6,5,0,0.0
1055,2026-01-18,LATAM,Console,Influencer,B,2,37.6,2,0,0.0
1057,2026-01-04,LATAM,PC,Organic,A,1,20.9,3,0,0.0
1057,2026-01-05,LATAM,PC,Organic,A,3,18.4,1,0,0.0
1058,2026-01-18,NA,PC,Referral,A,3,37.1,3,0,0.0
1062,2026-02-03,NA,Console,Cross-Promo,A,2,35.1,2,0,0.0
1062,2026-02-04,NA,Console,Cross-Promo,A,1,29.7,2,0,0.0
1062,2026-02-05,NA,Console,Cross-Promo,A,4,38.2,1,0,0.0
1062,2026-02-06,NA,Console,Cross-Promo,A,1,37.9,1,0,0.0
1065,2026-01-07,EU,PC,Cross-Promo,B,3,30.9,3,0,0.0
1067,2026-02-01,NA,Mobile,Influencer,B,3,27.9,1,0,0.0
1072,2026-01-31,NA,PC,Ads,B,2,25.2,5,0,0.0
1072,2026-02-01,NA,PC,Ads,B,1,36.9,3,0,0.0
1075,2026-01-04,APAC,PC,Referral,B,1,20.9,5,0,0.0
1079,2026-01-01,NA,Mobile,Cross-Promo,A,4,33.7,0,0,0.0
1080,2026-01-17,NA,Mobile,Influencer,B,2,27.2,1,0,0.0
1080,2026-01-18,NA,Mobile,Influencer,B,1,53.1,1,1,0.54
1083,2026-01-07,APAC,PC,Cross-Promo,A,4,34.7,7,0,0.0
1083,2026-01-08,APAC,PC,Cross-Promo,A,1,35.8,4,0,0.0
1083,2026-01-09,APAC,PC,Cross-Promo,A,6,36.9,4,1,4.69
1084,2026-02-07,NA,PC,Cross-Promo,B,3,27.3,1,0,0.0
1084,2026-02-08,NA,PC,Cross-Promo,B,1,10.1,1,0,0.0
1084,2026-02-09,NA,PC,Cross-Promo,B,1,36.0,5,0,0.0
1085,2026-01-03,NA,PC,Organic,A,1,20.8,2,1,4.49
1085,2026-01-04,NA,PC,Organic,A,3,30.1,0,0,0.0
1086,2026-01-10,EU,PC,Influencer,A,2,31.6,2,0,0.0
1086,2026-01-11,EU,PC,Influencer,A,6,32.4,2,0,0.0
1087,2026-01-02,APAC,Mobile,Ads,A,1,29.1,3,0,0.0
1088,2026-01-30,EU,PC,Cross-Promo,A,1,11.5,0,0,0.0
1088,2026-01-31,EU,PC,Cross-Promo,A,2,34.6,1,0,0.0
1088,2026-02-01,EU,PC,Cross-Promo,A,5,42.7,1,0,0.0
1088,2026-02-02,EU,PC,Cross-Promo,A,1,19.2,5,0,0.0
1088,2026-02-03,EU,PC,Cross-Promo,A,2,36.9,1,1,3.59
1088,2026-02-04,EU,PC,Cross-Promo,A,3,37.2,3,0,0.0
1090,2026-01-17,EU,Mobile,Referral,A,1,26.5,0,0,0.0
1095,2026-01-14,LATAM,Mobile,Referral,A,1,18.4,3,0,0.0
1096,2026-01-25,APAC,PC,Cross-Promo,A,1,18.1,1,0,0.0
1097,2026-01-28,LATAM,PC,Referral,B,2,26.8,1,0,0.0
1098,2026-01-19,EU,Mobile,Cross-Promo,B,1,34.1,2,0,0.0
1098,2026-01-20,EU,Mobile,Cross-Promo,B,3,31.9,1,0,0.0
1098,2026-01-21,EU,Mobile,Cross-Promo,B,2,32.7,4,0,0.0
1099,2026-01-03,APAC,Console,Cross-Promo,B,3,32.1,4,0,0.0
1100,2026-01-07,EU,Mobile,Referral,B,2,58.0,2,0,0.0
1100,2026-01-08,EU,Mobile,Referral,B,2,30.1,3,0,0.0
1100,2026-01-09,EU,Mobile,Referral,B,3,40.3,3,0,0.0
1100,2026-01-10,EU,Mobile,Referral,B,2,20.7,2,0,0.0
1104,2026-01-18,APAC,Console,Organic,B,1,25.4,1,0,0.0
1104,2026-01-19,APAC,Console,Organic,B,5,35.6,6,0,0.0
1106,2026-01-17,APAC,PC,Ads,A,4,19.2,1,0,0.0
1106,2026-01-18,APAC,PC,Ads,A,4,34.4,1,0,0.0
1106,2026-01-19,APAC,PC,Ads,A,1,29.1,3,0,0.0
1108,2026-01-19,NA,PC,Referral,B,3,21.4,1,0,0.0
1114,2026-02-09,NA,Mobile,Ads,B,2,21.3,4,0,0.0
1115,2026-01-31,EU,Mobile,Referral,A,2,42.5,3,0,0.0
1115,2026-02-01,EU,Mobile,Referral,A,1,33.5,1,0,0.0
1116,2026-01-21,APAC,Mobile,Referral,A,1,36.1,4,0,0.0
1116,2026-01-22,APAC,Mobile,Referral,A,3,11.3,2,0,0.0
1119,2026-01-13,EU,Console,Organic,B,3,34.4,1,0,0.0
1122,2026-01-12,LATAM,PC,Cross-Promo,A,3,32.6,0,0,0.0
1123,2026-02-03,APAC,PC,Influencer,A,3,16.9,2,0,0.0
1123,2026-02-04,APAC,PC,Influencer,A,3,18.7,3,0,0.0
1123,2026-02-05,APAC,PC,Influencer,A,2,32.6,2,0,0.0
1124,2026-01-29,APAC,Mobile,Referral,A,3,38.0,4,0,0.0
1126,2026-01-27,APAC,Console,Cross-Promo,A,1,29.3,1,0,0.0
1127,2026-02-07,NA,PC,Referral,A,2,14.3,2,0,0.0
1128,2026-01-28,EU,PC,Ads,A,3,35.2,1,0,0.0
1128,2026-01-29,EU,PC,Ads,A,2,31.5,3,0,0.0
1128,2026-01-30,EU,PC,Ads,A,2,26.6,1,0,0.0
1128,2026-01-31,EU,PC,Ads,A,4,24.5,1,0,0.0
1129,2026-01-26,APAC,Mobile,Cross-Promo,B,4,21.7,3,0,0.0
1131,2026-02-02,APAC,PC,Organic,B,2,37.0,0,0,0.0
1131,2026-02-03,APAC,PC,Organic,B,2,22.6,1,0,0.0
1131,2026-02-04,APAC,PC,Organic,B,2,45.3,1,1,3.45
1131,2026-02-05,APAC,PC,Organic,B,1,24.9,4,0,0.0
1132,2026-01-29,LATAM,Mobile,Cross-Promo,B,3,41.7,3,0,0.0
1133,2026-01-07,EU,PC,Influencer,B,4,29.8,6,0,0.0
1144,2026-02-02,LATAM,PC,Influencer,A,2,30.0,2,1,2.85
1144,2026-02-03,LATAM,PC,Influencer,A,1,20.4,1,0,0.0
1144,2026-02-04,LATAM,PC,Influencer,A,2,36.1,6,0,0.0
1146,2026-01-01,EU,PC,Referral,A,1,25.2,2,0,0.0
1151,2026-01-04,LATAM,PC,Organic,A,3,31.2,3,0,0.0
1151,2026-01-05,LATAM,PC,Organic,A,1,24.4,1,0,0.0
1151,2026-01-06,LATAM,PC,Organic,A,2,16.8,7,1,12.55
1153,2026-01-13,LATAM,PC,Cross-Promo,A,1,9.5,1,0,0.0
1155,2026-01-30,NA,Mobile,Referral,A,1,14.8,5,0,0.0
1155,2026-01-31,NA,Mobile,Referral,A,4,27.4,4,0,0.0
1155,2026-02-01,NA,Mobile,Referral,A,2,24.9,2,1,5.76
1156,2026-01-10,LATAM,Console,Influencer,B,3,9.8,3,0,0.0
1156,2026-01-11,LATAM,Console,Influencer,B,3,28.8,4,0,0.0
1158,2026-01-26,APAC,Mobile,Referral,B,1,36.3,1,0,0.0
1163,2026-01-26,EU,PC,Ads,A,1,16.3,2,0,0.0
1164,2026-01-24,EU,Mobile,Cross-Promo,B,3,32.4,0,0,0.0
1164,2026-01-25,EU,Mobile,Cross-Promo,B,2,37.3,2,0,0.0
1167,2026-01-16,EU,PC,Cross-Promo,A,1,36.4,2,0,0.0
1167,2026-01-17,EU,PC,Cross-Promo,A,1,24.8,1,0,0.0
1169,2026-01-26,NA,Console,Referral,A,2,21.9,1,0,0.0
1171,2026-01-11,LATAM,Console,Referral,B,1,27.9,3,0,0.0
1171,2026-01-12,LATAM,Console,Referral,B,4,32.0,4,0,0.0
1175,2026-02-06,LATAM,PC,Referral,A,5,26.8,1,0,0.0
1175,2026-02-07,LATAM,PC,Referral,A,4,20.4,4,0,0.0
1175,2026-02-08,LATAM,PC,Referral,A,1,19.7,0,0,0.0
1175,2026-02-09,LATAM,PC,Referral,A,2,27.5,2,0,0.0
1176,2026-01-12,EU,PC,Referral,B,2,49.0,3,0,0.0
1176,2026-01-13,EU,PC,Referral,B,2,37.9,3,0,0.0
1180,2026-01-18,APAC,PC,Referral,A,3,39.8,1,0,0.0
1180,2026-01-19,APAC,PC,Referral,A,3,18.7,1,0,0.0
1180,2026-01-20,APAC,PC,Referral,A,2,28.5,3,0,0.0
1182,2026-01-30,APAC,Mobile,Referral,A,2,20.2,3,0,0.0
1185,2026-02-09,EU,Console,Cross-Promo,B,8,43.6,3,0,0.0
1185,2026-02-10,EU,Console,Cross-Promo,B,5,29.5,2,0,0.0
1186,2026-01-20,APAC,PC,Cross-Promo,A,1,29.7,3,1,1.62
1186,2026-01-21,APAC,PC,Cross-Promo,A,3,20.4,1,0,0.0
1186,2026-01-22,APAC,PC,Cross-Promo,A,1,32.2,2,0,0.0
1188,2026-01-13,APAC,PC,Ads,B,7,29.2,3,0,0.0
1190,2026-01-03,LATAM,Console,Organic,B,1,23.9,2,0,0.0
1191,2026-01-24,EU,Console,Referral,B,2,25.2,4,0,0.0
1195,2026-01-27,EU,Mobile,Referral,A,1,19.2,1,0,0.0
1195,2026-01-28,EU,Mobile,Referral,A,2,29.6,2,1,5.32
1195,2026-01-29,EU,Mobile,Referral,A,2,10.6,3,0,0.0
1195,2026-01-30,EU,Mobile,Referral,A,1,21.2,3,0,0.0
1199,2026-02-08,NA,Mobile,Referral,A,3,22.7,1,0,0.0
1199,2026-02-09,NA,Mobile,Referral,A,1,33.9,1,0,0.0
1200,2026-01-09,NA,Console,Organic,A,1,13.4,5,0,0.0
1200,2026-01-10,NA,Console,Organic,A,2,39.8,1,0,0.0
1200,2026-01-11,NA,Console,Organic,A,3,40.8,3,0,0.0
1201,2026-02-07,NA,Mobile,Influencer,B,2,25.9,1,0,0.0
1201,2026-02-08,NA,Mobile,Influencer,B,1,23.1,5,0,0.0
1201,2026-02-09,NA,Mobile,Influencer,B,2,33.8,4,0,0.0
1202,2026-01-08,LATAM,PC,Influencer,A,1,21.6,5,0,0.0
1202,2026-01-09,LATAM,PC,Influencer,A,1,26.0,2,0,0.0
1202,2026-01-10,LATAM,PC,Influencer,A,1,28.0,3,0,0.0
1202,2026-01-11,LATAM,PC,Influencer,A,2,19.4,0,0,0.0
1206,2026-01-17,NA,PC,Referral,A,1,23.7,1,0,0.0
1208,2026-01-04,NA,PC,Referral,B,3,32.0,1,0,0.0
1209,2026-01-16,EU,Mobile,Ads,A,2,27.7,2,0,0.0
1210,2026-01-31,NA,Console,Organic,B,4,52.4,5,0,0.0
1212,2026-01-13,LATAM,Console,Organic,A,3,18.2,4,0,0.0
1212,2026-01-14,LATAM,Console,Organic,A,3,32.3,4,0,0.0
1213,2026-02-06,LATAM,Console,Ads,B,4,31.3,3,0,0.0
1215,2026-01-11,NA,Mobile,Ads,B,4,25.6,2,0,0.0
1215,2026-01-12,NA,Mobile,Ads,B,1,38.1,2,0,0.0
1216,2026-01-07,EU,Mobile,Cross-Promo,A,3,8.0,6,0,0.0
1218,2026-02-03,APAC,PC,Organic,A,6,24.2,3,0,0.0
1222,2026-02-05,NA,Mobile,Cross-Promo,B,1,53.0,3,0,0.0
1223,2026-01-09,LATAM,PC,Organic,B,2,23.8,6,0,0.0
1223,2026-01-10,LATAM,PC,Organic,B,2,29.7,3,0,0.0
1225,2026-02-02,APAC,PC,Influencer,B,7,58.0,5,0,0.0
1228,2026-02-01,NA,Console,Cross-Promo,A,1,27.3,1,0,0.0
1229,2026-02-08,LATAM,PC,Referral,B,2,42.5,3,0,0.0
1229,2026-02-09,LATAM,PC,Referral,B,4,23.4,3,0,0.0
1230,2026-01-09,LATAM,Mobile,Ads,B,2,29.8,5,0,0.0
1234,2026-01-24,NA,PC,Organic,B,3,24.2,2,0,0.0
1235,2026-01-10,NA,Console,Referral,B,1,36.8,5,0,0.0
1235,2026-01-11,NA,Console,Referral,B,2,33.8,3,0,0.0
1235,2026-01-12,NA,Console,Referral,B,5,26.6,0,0,0.0
1236,2026-01-23,LATAM,Console,Ads,A,4,25.8,3,0,0.0
1239,2026-01-25,EU,Mobile,Referral,A,4,14.7,3,0,0.0
1240,2026-01-15,NA,Mobile,Organic,B,2,27.4,2,1,4.05
1243,2026-01-27,EU,PC,Organic,B,1,8.0,2,0,0.0
1243,2026-01-28,EU,PC,Organic,B,1,17.6,3,0,0.0
1243,2026-01-29,EU,PC,Organic,B,3,23.0,1,0,0.0
1244,2026-01-05,LATAM,PC,Influencer,A,4,18.3,3,0,0.0
1244,2026-01-06,LATAM,PC,Influencer,A,1,26.3,2,0,0.0
1244,2026-01-07,LATAM,PC,Influencer,A,2,29.4,3,0,0.0
1245,2026-01-07,EU,Console,Ads,B,5,39.5,0,1,21.61
1245,2026-01-08,EU,Console,Ads,B,5,23.9,2,0,0.0
1246,2026-01-05,APAC,Mobile,Organic,B,4,49.0,1,0,0.0
1246,2026-01-06,APAC,Mobile,Organic,B,3,28.2,3,0,0.0
1249,2026-01-08,APAC,Console,Influencer,A,1,19.1,2,1,9.92
1249,2026-01-09,APAC,Console,Influencer,A,4,25.2,5,0,0.0
1251,2026-01-14,LATAM,PC,Influencer,B,3,51.1,3,0,0.0
1251,2026-01-15,LATAM,PC,Influencer,B,4,46.6,4,0,0.0
1252,2026-01-25,EU,PC,Cross-Promo,A,4,10.0,7,0,0.0
1252,2026-01-26,EU,PC,Cross-Promo,A,1,30.8,1,0,0.0
1253,2026-01-21,NA,PC,Cross-Promo,A,1,38.3,2,0,0.0
1254,2026-01-25,NA,Mobile,Cross-Promo,B,3,16.6,0,0,0.0
1255,2026-01-17,APAC,Mobile,Referral,B,1,28.3,4,0,0.0
1255,2026-01-18,APAC,Mobile,Referral,B,4,47.8,2,0,0.0
1255,2026-01-19,APAC,Mobile,Referral,B,2,19.6,1,0,0.0
1255,2026-01-20,APAC,Mobile,Referral,B,3,37.9,5,1,3.89
1256,2026-01-03,LATAM,Console,Influencer,B,1,38.7,0,0,0.0
1256,2026-01-04,LATAM,Console,Influencer,B,3,25.2,8,0,0.0
1259,2026-01-11,LATAM,PC,Influencer,B,4,35.8,0,0,0.0
1261,2026-02-08,NA,Console,Influencer,A,1,33.6,1,1,1.1
1262,2026-01-24,APAC,Mobile,Organic,A,1,24.0,2,0,0.0
1262,2026-01-25,APAC,Mobile,Organic,A,4,43.5,4,0,0.0
1267,2026-01-11,LATAM,Console,Organic,B,3,22.1,5,0,0.0
1269,2026-01-26,LATAM,Console,Influencer,B,3,32.0,2,0,0.0
1270,2026-01-03,APAC,PC,Cross-Promo,B,1,36.0,4,0,0.0
1270,2026-01-04,APAC,PC,Cross-Promo,B,3,29.3,0,0,0.0
1271,2026-01-31,EU,PC,Referral,B,1,28.0,3,1,6.31
1273,2026-01-22,NA,PC,Ads,A,2,36.2,5,0,0.0
1274,2026-01-08,EU,PC,Ads,A,4,22.8,3,0,0.0
1275,2026-01-25,NA,Mobile,Organic,B,1,16.4,1,0,0.0
1276,2026-02-03,APAC,Console,Ads,B,4,49.8,2,0,0.0
1278,2026-01-15,LATAM,Console,Organic,A,2,34.6,3,0,0.0
1279,2026-01-25,NA,PC,Referral,A,3,47.8,3,0,0.0
1282,2026-02-02,APAC,Mobile,Ads,B,4,8.0,2,0,0.0
1282,2026-02-03,APAC,Mobile,Ads,B,4,40.0,3,0,0.0
1282,2026-02-04,APAC,Mobile,Ads,B,3,26.4,7,0,0.0
1283,2026-01-21,APAC,Console,Organic,A,3,33.5,4,1,5.44
1285,2026-01-04,NA,PC,Cross-Promo,A,2,41.4,4,0,0.0
1287,2026-01-06,EU,Mobile,Influencer,B,3,42.3,3,0,0.0
1293,2026-02-09,LATAM,Mobile,Ads,B,2,33.1,4,0,0.0
1294,2026-01-19,LATAM,Mobile,Cross-Promo,A,1,37.8,3,0,0.0
1295,2026-01-07,LATAM,Console,Organic,B,2,23.9,0,0,0.0
1295,2026-01-08,LATAM,Console,Organic,B,2,36.2,2,0,0.0
1296,2026-01-09,NA,Console,Referral,B,1,31.0,4,0,0.0
1299,2026-01-22,APAC,Console,Referral,A,2,35.1,2,0,0.0
1301,2026-01-16,EU,PC,Cross-Promo,A,3,15.1,2,0,0.0
1301,2026-01-17,EU,PC,Cross-Promo,A,4,27.7,2,0,0.0
1302,2026-01-20,EU,PC,Cross-Promo,A,1,21.9,2,0,0.0
1302,2026-01-21,EU,PC,Cross-Promo,A,1,28.8,3,0,0.0
1302,2026-01-22,EU,PC,Cross-Promo,A,2,22.4,2,0,0.0
1304,2026-02-04,EU,Console,Organic,A,2,14.6,1,0,0.0
1306,2026-01-17,LATAM,Mobile,Influencer,B,1,8.0,3,0,0.0
1306,2026-01-18,LATAM,Mobile,Influencer,B,5,12.4,4,0,0.0
1316,2026-02-05,LATAM,Mobile,Referral,A,2,31.0,3,0,0.0
1317,2026-01-07,APAC,Console,Referral,B,5,33.5,4,0,0.0
1317,2026-01-08,APAC,Console,Referral,B,4,41.5,3,0,0.0
1318,2026-01-26,LATAM,PC,Influencer,B,3,32.8,2,0,0.0
1319,2026-01-28,NA,Console,Cross-Promo,B,1,29.1,1,0,0.0
1321,2026-01-29,NA,Console,Influencer,B,4,30.7,1,0,0.0
1321,2026-01-30,NA,Console,Influencer,B,1,34.6,3,0,0.0
1321,2026-01-31,NA,Console,Influencer,B,1,29.0,6,0,0.0
1323,2026-01-04,EU,PC,Ads,B,1,26.2,2,0,0.0
1323,2026-01-05,EU,PC,Ads,B,3,14.0,2,0,0.0
1325,2026-01-10,LATAM,PC,Referral,A,1,8.0,7,0,0.0
1325,2026-01-11,LATAM,PC,Referral,A,2,28.9,0,0,0.0
1325,2026-01-12,LATAM,PC,Referral,A,2,23.9,5,1,8.9
1326,2026-01-28,EU,PC,Influencer,A,2,38.8,1,0,0.0
1328,2026-01-31,APAC,Console,Organic,B,5,13.2,0,0,0.0
1328,2026-02-01,APAC,Console,Organic,B,2,23.0,1,0,0.0
1328,2026-02-02,APAC,Console,Organic,B,5,33.3,3,0,0.0
1331,2026-01-01,EU,Mobile,Organic,A,5,41.6,1,0,0.0
1331,2026-01-02,EU,Mobile,Organic,A,3,17.8,3,0,0.0
1331,2026-01-03,EU,Mobile,Organic,A,1,31.8,0,0,0.0
1331,2026-01-04,EU,Mobile,Organic,A,1,28.9,4,0,0.0
1331,2026-01-05,EU,Mobile,Organic,A,4,26.3,1,1,2.16
1333,2026-01-29,LATAM,Mobile,Influencer,A,1,37.2,3,0,0.0
1333,2026-01-30,LATAM,Mobile,Influencer,A,6,23.9,2,0,0.0
1334,2026-01-12,LATAM,Mobile,Organic,B,1,39.4,4,1,6.3
1334,2026-01-13,LATAM,Mobile,Organic,B,4,48.8,2,1,16.94
1335,2026-02-06,NA,Console,Ads,A,1,16.2,3,0,0.0
1339,2026-01-06,APAC,PC,Organic,B,3,39.9,5,0,0.0
1340,2026-01-31,LATAM,Console,Cross-Promo,B,3,45.6,4,0,0.0
1340,2026-02-01,LATAM,Console,Cross-Promo,B,2,23.4,4,0,0.0
1340,2026-02-02,LATAM,Console,Cross-Promo,B,3,43.1,4,1,10.96
1342,2026-01-27,NA,Mobile,Referral,B,5,46.3,4,1,4.64
1342,2026-01-28,NA,Mobile,Referral,B,1,37.5,1,0,0.0
1342,2026-01-29,NA,Mobile,Referral,B,2,35.1,2,0,0.0
1343,2026-01-15,LATAM,Console,Cross-Promo,B,1,33.3,5,0,0.0
1344,2026-01-07,APAC,Mobile,Ads,A,1,38.2,2,0,0.0
1344,2026-01-08,APAC,Mobile,Ads,A,3,41.1,1,0,0.0
1344,2026-01-09,APAC,Mobile,Ads,A,5,26.6,4,0,0.0
1344,2026-01-10,APAC,Mobile,Ads,A,4,33.0,1,1,2.52
1344,2026-01-11,APAC,Mobile,Ads,A,1,27.0,2,0,0.0
1349,2026-02-08,EU,PC,Referral,B,2,35.9,5,0,0.0
1349,2026-02-09,EU,PC,Referral,B,4,36.3,3,0,0.0
1352,2026-01-21,NA,Console,Organic,A,1,21.6,6,0,0.0
1352,2026-01-22,NA,Console,Organic,A,2,23.2,3,0,0.0
1352,2026-01-23,NA,Console,Organic,A,1,22.6,1,0,0.0
1353,2026-01-21,NA,Console,Organic,B,2,20.4,7,0,0.0
1353,2026-01-22,NA,Console,Organic,B,4,31.5,3,0,0.0
1356,2026-01-05,LATAM,Console,Ads,A,1,38.4,2,0,0.0
1357,2026-01-25,EU,Console,Organic,B,3,39.2,2,0,0.0
1357,2026-01-26,EU,Console,Organic,B,3,27.5,4,1,10.58
1359,2026-02-01,APAC,Console,Cross-Promo,A,4,24.5,2,0,0.0
1359,2026-02-02,APAC,Console,Cross-Promo,A,1,30.7,6,0,0.0
1360,2026-02-08,EU,Mobile,Organic,A,1,63.6,4,0,0.0
1362,2026-01-30,NA,Mobile,Ads,B,1,23.0,1,0,0.0
1362,2026-01-31,NA,Mobile,Ads,B,1,60.8,2,1,11.28
1364,2026-01-30,EU,Mobile,Influencer,B,3,32.5,0,0,0.0
1364,2026-01-31,EU,Mobile,Influencer,B,4,27.3,3,0,0.0
1364,2026-02-01,EU,Mobile,Influencer,B,1,32.9,1,0,0.0
1364,2026-02-02,EU,Mobile,Influencer,B,2,25.5,5,0,0.0
1365,2026-01-03,APAC,PC,Organic,A,6,36.6,2,0,0.0
1365,2026-01-04,APAC,PC,Organic,A,1,16.2,2,0,0.0
1366,2026-01-17,LATAM,PC,Influencer,B,2,32.9,2,1,11.84
1366,2026-01-18,LATAM,PC,Influencer,B,1,49.1,11,1,7.28
1366,2026-01-19,LATAM,PC,Influencer,B,3,34.4,2,1,10.19
1367,2026-01-25,APAC,PC,Organic,B,4,28.5,0,0,0.0
1368,2026-01-06,NA,Console,Organic,B,3,15.1,5,0,0.0
1371,2026-01-28,NA,Console,Organic,A,2,36.8,1,0,0.0
1371,2026-01-29,NA,Console,Organic,A,3,29.2,2,0,0.0
1372,2026-01-03,APAC,Console,Ads,B,1,21.6,4,0,0.0
1377,2026-01-13,LATAM,Console,Organic,A,2,44.8,4,0,0.0
1378,2026-01-05,NA,PC,Organic,A,2,32.3,2,0,0.0
1380,2026-01-03,APAC,Mobile,Influencer,A,3,45.9,2,0,0.0
1381,2026-01-30,APAC,Console,Organic,B,4,22.4,5,0,0.0
1381,2026-01-31,APAC,Console,Organic,B,1,25.9,0,0,0.0
1386,2026-01-20,NA,PC,Organic,B,4,21.4,2,0,0.0
1387,2026-01-08,EU,PC,Influencer,B,1,24.1,6,0,0.0
1389,2026-02-05,EU,Console,Influencer,B,3,27.9,1,0,0.0
1390,2026-01-12,APAC,Console,Organic,A,2,46.3,2,0,0.0
1391,2026-01-17,EU,Mobile,Influencer,B,2,20.2,5,0,0.0
1395,2026-01-22,EU,Console,Referral,B,1,31.9,7,0,0.0
1399,2026-01-13,NA,PC,Ads,A,2,27.8,2,0,0.0
1400,2026-01-29,LATAM,Mobile,Ads,A,1,43.5,4,0,0.0
1401,2026-01-02,NA,Mobile,Referral,B,3,30.3,2,0,0.0
1401,2026-01-03,NA,Mobile,Referral,B,4,24.1,2,0,0.0
1402,2026-02-05,EU,Mobile,Referral,B,4,49.4,2,0,0.0
1404,2026-02-02,LATAM,Mobile,Ads,A,2,22.3,1,0,0.0
1405,2026-01-02,NA,Mobile,Influencer,A,3,30.6,2,0,0.0
1405,2026-01-03,NA,Mobile,Influencer,A,3,24.4,3,0,0.0
1406,2026-01-20,LATAM,PC,Influencer,A,4,8.0,3,0,0.0
1407,2026-01-02,LATAM,Mobile,Organic,B,1,19.0,2,0,0.0
1407,2026-01-03,LATAM,Mobile,Organic,B,2,38.6,1,1,5.38
1407,2026-01-04,LATAM,Mobile,Organic,B,3,47.5,4,0,0.0
1407,2026-01-05,LATAM,Mobile,Organic,B,1,33.8,1,0,0.0
1407,2026-01-06,LATAM,Mobile,Organic,B,2,35.3,5,0,0.0
1407,2026-01-07,LATAM,Mobile,Organic,B,2,30.6,6,0,0.0
1408,2026-01-13,LATAM,Console,Organic,B,1,25.2,2,0,0.0
1408,2026-01-14,LATAM,Console,Organic,B,2,29.4,1,0,0.0
1408,2026-01-15,LATAM,Console,Organic,B,1,56.9,3,0,0.0
1408,2026-01-16,LATAM,Console,Organic,B,4,22.3,2,0,0.0
1410,2026-01-10,NA,Console,Cross-Promo,A,3,35.0,1,0,0.0
1410,2026-01-11,NA,Console,Cross-Promo,A,2,31.2,3,1,10.47
1413,2026-01-12,EU,Console,Influencer,A,6,26.0,2,0,0.0
1414,2026-01-18,APAC,Mobile,Organic,A,2,14.7,4,0,0.0
1416,2026-01-11,LATAM,Console,Referral,A,2,25.2,2,0,0.0
1417,2026-01-13,LATAM,PC,Organic,B,3,47.0,2,0,0.0
1417,2026-01-14,LATAM,PC,Organic,B,2,38.6,1,0,0.0
1419,2026-01-16,APAC,Console,Referral,A,2,18.3,1,0,0.0
1420,2026-01-19,APAC,Console,Organic,B,2,15.1,3,1,19.43
1420,2026-01-20,APAC,Console,Organic,B,3,28.9,2,0,0.0
1420,2026-01-21,APAC,Console,Organic,B,2,51.1,5,0,0.0
1423,2026-01-10,NA,Mobile,Cross-Promo,A,5,13.0,3,0,0.0
1426,2026-01-12,EU,Console,Referral,A,3,38.6,6,0,0.0
1429,2026-02-08,EU,Mobile,Organic,A,1,22.8,4,0,0.0
1430,2026-01-26,NA,Console,Influencer,A,3,27.4,1,0,0.0
1433,2026-01-24,NA,Mobile,Cross-Promo,B,4,36.1,3,0,0.0
1433,2026-01-25,NA,Mobile,Cross-Promo,B,6,37.6,1,0,0.0
1434,2026-01-21,APAC,Console,Influencer,A,3,19.8,2,0,0.0
1437,2026-01-28,APAC,Mobile,Ads,B,6,15.8,6,0,0.0
1437,2026-01-29,APAC,Mobile,Ads,B,3,38.4,3,0,0.0
1437,2026-01-30,APAC,Mobile,Ads,B,1,31.7,7,0,0.0
1438,2026-01-13,EU,Mobile,Cross-Promo,B,7,18.8,2,0,0.0
1438,2026-01-14,EU,Mobile,Cross-Promo,B,2,43.7,4,0,0.0
1439,2026-02-08,APAC,Console,Cross-Promo,B,3,29.5,4,0,0.0
1443,2026-02-09,EU,Console,Ads,B,4,31.8,1,0,0.0
1443,2026-02-10,EU,Console,Ads,B,3,16.0,0,0,0.0
1443,2026-02-11,EU,Console,Ads,B,4,14.1,3,0,0.0
1443,2026-02-12,EU,Console,Ads,B,1,45.2,2,0,0.0
1446,2026-01-22,LATAM,Console,Cross-Promo,A,3,8.0,3,0,0.0
1446,2026-01-23,LATAM,Console,Cross-Promo,A,1,32.3,5,0,0.0
1448,2026-02-08,NA,PC,Influencer,B,3,30.4,3,0,0.0
1451,2026-01-25,APAC,Console,Referral,B,1,19.5,2,0,0.0
1452,2026-01-15,EU,PC,Referral,A,3,36.0,3,0,0.0
1456,2026-01-23,LATAM,PC,Cross-Promo,A,3,17.8,1,0,0.0
1458,2026-01-15,LATAM,Mobile,Influencer,A,5,29.4,0,0,0.0
1458,2026-01-16,LATAM,Mobile,Influencer,A,6,35.9,1,0,0.0
1458,2026-01-17,LATAM,Mobile,Influencer,A,1,49.2,2,0,0.0
1460,2026-01-10,NA,Console,Referral,A,4,37.3,3,0,0.0
1463,2026-01-30,EU,Console,Ads,A,2,20.1,2,0,0.0
1463,2026-01-31,EU,Console,Ads,A,2,39.9,2,0,0.0
1463,2026-02-01,EU,Console,Ads,A,3,32.8,2,0,0.0
1466,2026-01-15,NA,Mobile,Organic,B,2,21.9,4,0,0.0
1466,2026-01-16,NA,Mobile,Organic,B,1,23.6,3,0,0.0
1467,2026-01-01,LATAM,Mobile,Cross-Promo,B,4,35.4,2,0,0.0
1467,2026-01-02,LATAM,Mobile,Cross-Promo,B,1,39.7,3,0,0.0
1468,2026-01-27,APAC,PC,Ads,B,3,26.7,1,0,0.0
1468,2026-01-28,APAC,PC,Ads,B,2,36.9,0,0,0.0
1468,2026-01-29,APAC,PC,Ads,B,1,29.3,1,0,0.0
1472,2026-01-28,NA,Console,Cross-Promo,A,1,21.0,4,0,0.0
1472,2026-01-29,NA,Console,Cross-Promo,A,2,24.6,3,0,0.0
1473,2026-01-11,APAC,Mobile,Cross-Promo,B,2,30.3,4,0,0.0
1473,2026-01-12,APAC,Mobile,Cross-Promo,B,3,28.9,3,1,11.32
1473,2026-01-13,APAC,Mobile,Cross-Promo,B,6,26.2,5,0,0.0
1473,2026-01-14,APAC,Mobile,Cross-Promo,B,4,27.6,2,1,5.14
1473,2026-01-15,APAC,Mobile,Cross-Promo,B,1,33.5,2,0,0.0
1473,2026-01-16,APAC,Mobile,Cross-Promo,B,2,27.6,3,0,0.0
1473,2026-01-17,APAC,Mobile,Cross-Promo,B,2,28.3,3,0,0.0
1473,2026-01-18,APAC,Mobile,Cross-Promo,B,5,27.4,5,0,0.0
1474,2026-02-03,APAC,PC,Referral,B,2,23.8,3,0,0.0
1479,2026-02-06,EU,PC,Referral,B,1,28.7,1,0,0.0
1479,2026-02-07,EU,PC,Referral,B,2,32.1,1,0,0.0
1480,2026-01-09,APAC,Mobile,Referral,B,2,36.3,4,0,0.0
1482,2026-01-28,LATAM,Console,Organic,B,2,12.4,3,0,0.0
1482,2026-01-29,LATAM,Console,Organic,B,1,33.9,1,1,18.13
1482,2026-01-30,LATAM,Console,Organic,B,1,22.3,2,0,0.0
1491,2026-01-07,APAC,Console,Organic,A,2,45.6,1,1,3.6
1492,2026-01-25,NA,PC,Cross-Promo,B,2,24.4,4,0,0.0
1493,2026-02-05,NA,Console,Organic,A,1,20.3,3,0,0.0
1494,2026-01-01,EU,Console,Ads,B,8,14.8,3,0,0.0
1494,2026-01-02,EU,Console,Ads,B,3,25.7,6,0,0.0
1495,2026-01-25,LATAM,PC,Ads,A,2,36.7,3,0,0.0
